SRS011061	https://downloads.hmpdacc.org/dacc/hhs/genome/microbiome/wgs/analysis/hmwgsqc/v1/SRS011061.tar.bz2
SRS011086	https://downloads.hmpdacc.org/dacc/hhs/genome/microbiome/wgs/analysis/hmwgsqc/v1/SRS011086.tar.bz2
SRS011090	https://downloads.hmpdacc.org/dacc/hhs/genome/microbiome/wgs/analysis/hmwgsqc/v1/SRS011090.tar.bz2
SRS011098	https://downloads.hmpdacc.org/dacc/hhs/genome/microbiome/wgs/analysis/hmwgsqc/v1/SRS011098.tar.bz2
SRS011105	https://downloads.hmpdacc.org/dacc/hhs/genome/microbiome/wgs/analysis/hmwgsqc/v1/SRS011105.tar.bz2
SRS011111	https://downloads.hmpdacc.org/dacc/hhs/genome/microbiome/wgs/analysis/hmwgsqc/v1/SRS011111.tar.bz2
SRS011126	https://downloads.hmpdacc.org/dacc/hhs/genome/microbiome/wgs/analysis/hmwgsqc/v1/SRS011126.tar.bz2
SRS011132	https://downloads.hmpdacc.org/dacc/hhs/genome/microbiome/wgs/analysis/hmwgsqc/v1/SRS011132.tar.bz2
SRS011134	https://downloads.hmpdacc.org/dacc/hhs/genome/microbiome/wgs/analysis/hmwgsqc/v1/SRS011134.tar.bz2
SRS011140	https://downloads.hmpdacc.org/dacc/hhs/genome/microbiome/wgs/analysis/hmwgsqc/v1/SRS011140.tar.bz2
SRS011144	https://downloads.hmpdacc.org/dacc/hhs/genome/microbiome/wgs/analysis/hmwgsqc/v1/SRS011144.tar.bz2
SRS011152	https://downloads.hmpdacc.org/dacc/hhs/genome/microbiome/wgs/analysis/hmwgsqc/v1/SRS011152.tar.bz2
SRS011239	https://downloads.hmpdacc.org/dacc/hhs/genome/microbiome/wgs/analysis/hmwgsqc/v1/SRS011239.tar.bz2
SRS011243	https://downloads.hmpdacc.org/dacc/hhs/genome/microbiome/wgs/analysis/hmwgsqc/v1/SRS011243.tar.bz2
SRS011247	https://downloads.hmpdacc.org/dacc/hhs/genome/microbiome/wgs/analysis/hmwgsqc/v1/SRS011247.tar.bz2
SRS011255	https://downloads.hmpdacc.org/dacc/hhs/genome/microbiome/wgs/analysis/hmwgsqc/v1/SRS011255.tar.bz2
SRS011263	https://downloads.hmpdacc.org/dacc/hhs/genome/microbiome/wgs/analysis/hmwgsqc/v1/SRS011263.tar.bz2
SRS011269	https://downloads.hmpdacc.org/dacc/hhs/genome/microbiome/wgs/analysis/hmwgsqc/v1/SRS011269.tar.bz2
SRS011271	https://downloads.hmpdacc.org/dacc/hhs/genome/microbiome/wgs/analysis/hmwgsqc/v1/SRS011271.tar.bz2
SRS011302	https://downloads.hmpdacc.org/dacc/hhs/genome/microbiome/wgs/analysis/hmwgsqc/v1/SRS011302.tar.bz2
SRS011306	https://downloads.hmpdacc.org/dacc/hhs/genome/microbiome/wgs/analysis/hmwgsqc/v1/SRS011306.tar.bz2
SRS011310	https://downloads.hmpdacc.org/dacc/hhs/genome/microbiome/wgs/analysis/hmwgsqc/v1/SRS011310.tar.bz2
SRS011343	https://downloads.hmpdacc.org/dacc/hhs/genome/microbiome/wgs/analysis/hmwgsqc/v1/SRS011343.tar.bz2
SRS011355	https://downloads.hmpdacc.org/dacc/hhs/genome/microbiome/wgs/analysis/hmwgsqc/v1/SRS011355.tar.bz2
SRS011397	https://downloads.hmpdacc.org/dacc/hhs/genome/microbiome/wgs/analysis/hmwgsqc/v1/SRS011397.tar.bz2
SRS011405	https://downloads.hmpdacc.org/dacc/hhs/genome/microbiome/wgs/analysis/hmwgsqc/v1/SRS011405.tar.bz2
SRS011452	https://downloads.hmpdacc.org/dacc/hhs/genome/microbiome/wgs/analysis/hmwgsqc/v1/SRS011452.tar.bz2
SRS011529	https://downloads.hmpdacc.org/dacc/hhs/genome/microbiome/wgs/analysis/hmwgsqc/v1/SRS011529.tar.bz2
SRS011584	https://downloads.hmpdacc.org/dacc/hhs/genome/microbiome/wgs/analysis/hmwgsqc/v1/SRS011584.tar.bz2
SRS011586	https://downloads.hmpdacc.org/dacc/hhs/genome/microbiome/wgs/analysis/hmwgsqc/v1/SRS011586.tar.bz2
SRS012273	https://downloads.hmpdacc.org/dacc/hhs/genome/microbiome/wgs/analysis/hmwgsqc/v1/SRS012273.tar.bz2
SRS012279	https://downloads.hmpdacc.org/dacc/hhs/genome/microbiome/wgs/analysis/hmwgsqc/v1/SRS012279.tar.bz2
SRS012281	https://downloads.hmpdacc.org/dacc/hhs/genome/microbiome/wgs/analysis/hmwgsqc/v1/SRS012281.tar.bz2
SRS012285	https://downloads.hmpdacc.org/dacc/hhs/genome/microbiome/wgs/analysis/hmwgsqc/v1/SRS012285.tar.bz2
SRS012291	https://downloads.hmpdacc.org/dacc/hhs/genome/microbiome/wgs/analysis/hmwgsqc/v1/SRS012291.tar.bz2
SRS012294	https://downloads.hmpdacc.org/dacc/hhs/genome/microbiome/wgs/analysis/hmwgsqc/v1/SRS012294.tar.bz2
SRS012663	https://downloads.hmpdacc.org/dacc/hhs/genome/microbiome/wgs/analysis/hmwgsqc/v1/SRS012663.tar.bz2
SRS012902	https://downloads.hmpdacc.org/dacc/hhs/genome/microbiome/wgs/analysis/hmwgsqc/v1/SRS012902.tar.bz2
SRS013155	https://downloads.hmpdacc.org/dacc/hhs/genome/microbiome/wgs/analysis/hmwgsqc/v1/SRS013155.tar.bz2
SRS013158	https://downloads.hmpdacc.org/dacc/hhs/genome/microbiome/wgs/analysis/hmwgsqc/v1/SRS013158.tar.bz2
SRS013164	https://downloads.hmpdacc.org/dacc/hhs/genome/microbiome/wgs/analysis/hmwgsqc/v1/SRS013164.tar.bz2
SRS013170	https://downloads.hmpdacc.org/dacc/hhs/genome/microbiome/wgs/analysis/hmwgsqc/v1/SRS013170.tar.bz2
SRS013215	https://downloads.hmpdacc.org/dacc/hhs/genome/microbiome/wgs/analysis/hmwgsqc/v1/SRS013215.tar.bz2
SRS013234	https://downloads.hmpdacc.org/dacc/hhs/genome/microbiome/wgs/analysis/hmwgsqc/v1/SRS013234.tar.bz2
SRS013239	https://downloads.hmpdacc.org/dacc/hhs/genome/microbiome/wgs/analysis/hmwgsqc/v1/SRS013239.tar.bz2
SRS013252	https://downloads.hmpdacc.org/dacc/hhs/genome/microbiome/wgs/analysis/hmwgsqc/v1/SRS013252.tar.bz2
SRS013258	https://downloads.hmpdacc.org/dacc/hhs/genome/microbiome/wgs/analysis/hmwgsqc/v1/SRS013258.tar.bz2
SRS013261	https://downloads.hmpdacc.org/dacc/hhs/genome/microbiome/wgs/analysis/hmwgsqc/v1/SRS013261.tar.bz2
SRS013269	https://downloads.hmpdacc.org/dacc/hhs/genome/microbiome/wgs/analysis/hmwgsqc/v1/SRS013269.tar.bz2
SRS013476	https://downloads.hmpdacc.org/dacc/hhs/genome/microbiome/wgs/analysis/hmwgsqc/v1/SRS013476.tar.bz2
SRS013502	https://downloads.hmpdacc.org/dacc/hhs/genome/microbiome/wgs/analysis/hmwgsqc/v1/SRS013502.tar.bz2
SRS013506	https://downloads.hmpdacc.org/dacc/hhs/genome/microbiome/wgs/analysis/hmwgsqc/v1/SRS013506.tar.bz2
SRS013521	https://downloads.hmpdacc.org/dacc/hhs/genome/microbiome/wgs/analysis/hmwgsqc/v1/SRS013521.tar.bz2
SRS013533	https://downloads.hmpdacc.org/dacc/hhs/genome/microbiome/wgs/analysis/hmwgsqc/v1/SRS013533.tar.bz2
SRS013542	https://downloads.hmpdacc.org/dacc/hhs/genome/microbiome/wgs/analysis/hmwgsqc/v1/SRS013542.tar.bz2
SRS013637	https://downloads.hmpdacc.org/dacc/hhs/genome/microbiome/wgs/analysis/hmwgsqc/v1/SRS013637.tar.bz2
SRS013687	https://downloads.hmpdacc.org/dacc/hhs/genome/microbiome/wgs/analysis/hmwgsqc/v1/SRS013687.tar.bz2
SRS013705	https://downloads.hmpdacc.org/dacc/hhs/genome/microbiome/wgs/analysis/hmwgsqc/v1/SRS013705.tar.bz2
SRS013711	https://downloads.hmpdacc.org/dacc/hhs/genome/microbiome/wgs/analysis/hmwgsqc/v1/SRS013711.tar.bz2
SRS013723	https://downloads.hmpdacc.org/dacc/hhs/genome/microbiome/wgs/analysis/hmwgsqc/v1/SRS013723.tar.bz2
SRS013800	https://downloads.hmpdacc.org/dacc/hhs/genome/microbiome/wgs/analysis/hmwgsqc/v1/SRS013800.tar.bz2
SRS013818	https://downloads.hmpdacc.org/dacc/hhs/genome/microbiome/wgs/analysis/hmwgsqc/v1/SRS013818.tar.bz2
SRS013825	https://downloads.hmpdacc.org/dacc/hhs/genome/microbiome/wgs/analysis/hmwgsqc/v1/SRS013825.tar.bz2
SRS013836	https://downloads.hmpdacc.org/dacc/hhs/genome/microbiome/wgs/analysis/hmwgsqc/v1/SRS013836.tar.bz2
SRS013876	https://downloads.hmpdacc.org/dacc/hhs/genome/microbiome/wgs/analysis/hmwgsqc/v1/SRS013876.tar.bz2
SRS013879	https://downloads.hmpdacc.org/dacc/hhs/genome/microbiome/wgs/analysis/hmwgsqc/v1/SRS013879.tar.bz2
SRS013881	https://downloads.hmpdacc.org/dacc/hhs/genome/microbiome/wgs/analysis/hmwgsqc/v1/SRS013881.tar.bz2
SRS013942	https://downloads.hmpdacc.org/dacc/hhs/genome/microbiome/wgs/analysis/hmwgsqc/v1/SRS013942.tar.bz2
SRS013945	https://downloads.hmpdacc.org/dacc/hhs/genome/microbiome/wgs/analysis/hmwgsqc/v1/SRS013945.tar.bz2
SRS013946	https://downloads.hmpdacc.org/dacc/hhs/genome/microbiome/wgs/analysis/hmwgsqc/v1/SRS013946.tar.bz2
SRS013947	https://downloads.hmpdacc.org/dacc/hhs/genome/microbiome/wgs/analysis/hmwgsqc/v1/SRS013947.tar.bz2
SRS013948	https://downloads.hmpdacc.org/dacc/hhs/genome/microbiome/wgs/analysis/hmwgsqc/v1/SRS013948.tar.bz2
SRS013949	https://downloads.hmpdacc.org/dacc/hhs/genome/microbiome/wgs/analysis/hmwgsqc/v1/SRS013949.tar.bz2
SRS013950	https://downloads.hmpdacc.org/dacc/hhs/genome/microbiome/wgs/analysis/hmwgsqc/v1/SRS013950.tar.bz2
SRS013951	https://downloads.hmpdacc.org/dacc/hhs/genome/microbiome/wgs/analysis/hmwgsqc/v1/SRS013951.tar.bz2
SRS013956	https://downloads.hmpdacc.org/dacc/hhs/genome/microbiome/wgs/analysis/hmwgsqc/v1/SRS013956.tar.bz2
SRS014107	https://downloads.hmpdacc.org/dacc/hhs/genome/microbiome/wgs/analysis/hmwgsqc/v1/SRS014107.tar.bz2
SRS014124	https://downloads.hmpdacc.org/dacc/hhs/genome/microbiome/wgs/analysis/hmwgsqc/v1/SRS014124.tar.bz2
SRS014126	https://downloads.hmpdacc.org/dacc/hhs/genome/microbiome/wgs/analysis/hmwgsqc/v1/SRS014126.tar.bz2
SRS014235	https://downloads.hmpdacc.org/dacc/hhs/genome/microbiome/wgs/analysis/hmwgsqc/v1/SRS014235.tar.bz2
SRS014271	https://downloads.hmpdacc.org/dacc/hhs/genome/microbiome/wgs/analysis/hmwgsqc/v1/SRS014271.tar.bz2
SRS014287	https://downloads.hmpdacc.org/dacc/hhs/genome/microbiome/wgs/analysis/hmwgsqc/v1/SRS014287.tar.bz2
SRS014313	https://downloads.hmpdacc.org/dacc/hhs/genome/microbiome/wgs/analysis/hmwgsqc/v1/SRS014313.tar.bz2
SRS014343	https://downloads.hmpdacc.org/dacc/hhs/genome/microbiome/wgs/analysis/hmwgsqc/v1/SRS014343.tar.bz2
SRS014459	https://downloads.hmpdacc.org/dacc/hhs/genome/microbiome/wgs/analysis/hmwgsqc/v1/SRS014459.tar.bz2
SRS014464	https://downloads.hmpdacc.org/dacc/hhs/genome/microbiome/wgs/analysis/hmwgsqc/v1/SRS014464.tar.bz2
SRS014465	https://downloads.hmpdacc.org/dacc/hhs/genome/microbiome/wgs/analysis/hmwgsqc/v1/SRS014465.tar.bz2
SRS014466	https://downloads.hmpdacc.org/dacc/hhs/genome/microbiome/wgs/analysis/hmwgsqc/v1/SRS014466.tar.bz2
SRS014468	https://downloads.hmpdacc.org/dacc/hhs/genome/microbiome/wgs/analysis/hmwgsqc/v1/SRS014468.tar.bz2
SRS014470	https://downloads.hmpdacc.org/dacc/hhs/genome/microbiome/wgs/analysis/hmwgsqc/v1/SRS014470.tar.bz2
SRS014472	https://downloads.hmpdacc.org/dacc/hhs/genome/microbiome/wgs/analysis/hmwgsqc/v1/SRS014472.tar.bz2
SRS014473	https://downloads.hmpdacc.org/dacc/hhs/genome/microbiome/wgs/analysis/hmwgsqc/v1/SRS014473.tar.bz2
SRS014474	https://downloads.hmpdacc.org/dacc/hhs/genome/microbiome/wgs/analysis/hmwgsqc/v1/SRS014474.tar.bz2
SRS014475	https://downloads.hmpdacc.org/dacc/hhs/genome/microbiome/wgs/analysis/hmwgsqc/v1/SRS014475.tar.bz2
SRS014476	https://downloads.hmpdacc.org/dacc/hhs/genome/microbiome/wgs/analysis/hmwgsqc/v1/SRS014476.tar.bz2
SRS014477	https://downloads.hmpdacc.org/dacc/hhs/genome/microbiome/wgs/analysis/hmwgsqc/v1/SRS014477.tar.bz2
SRS014494	https://downloads.hmpdacc.org/dacc/hhs/genome/microbiome/wgs/analysis/hmwgsqc/v1/SRS014494.tar.bz2
SRS014573	https://downloads.hmpdacc.org/dacc/hhs/genome/microbiome/wgs/analysis/hmwgsqc/v1/SRS014573.tar.bz2
SRS014575	https://downloads.hmpdacc.org/dacc/hhs/genome/microbiome/wgs/analysis/hmwgsqc/v1/SRS014575.tar.bz2
SRS014578	https://downloads.hmpdacc.org/dacc/hhs/genome/microbiome/wgs/analysis/hmwgsqc/v1/SRS014578.tar.bz2
SRS014613	https://downloads.hmpdacc.org/dacc/hhs/genome/microbiome/wgs/analysis/hmwgsqc/v1/SRS014613.tar.bz2
SRS014629	https://downloads.hmpdacc.org/dacc/hhs/genome/microbiome/wgs/analysis/hmwgsqc/v1/SRS014629.tar.bz2
SRS014682	https://downloads.hmpdacc.org/dacc/hhs/genome/microbiome/wgs/analysis/hmwgsqc/v1/SRS014682.tar.bz2
SRS014683	https://downloads.hmpdacc.org/dacc/hhs/genome/microbiome/wgs/analysis/hmwgsqc/v1/SRS014683.tar.bz2
SRS014684	https://downloads.hmpdacc.org/dacc/hhs/genome/microbiome/wgs/analysis/hmwgsqc/v1/SRS014684.tar.bz2
SRS014686	https://downloads.hmpdacc.org/dacc/hhs/genome/microbiome/wgs/analysis/hmwgsqc/v1/SRS014686.tar.bz2
SRS014687	https://downloads.hmpdacc.org/dacc/hhs/genome/microbiome/wgs/analysis/hmwgsqc/v1/SRS014687.tar.bz2
SRS014689	https://downloads.hmpdacc.org/dacc/hhs/genome/microbiome/wgs/analysis/hmwgsqc/v1/SRS014689.tar.bz2
SRS014690	https://downloads.hmpdacc.org/dacc/hhs/genome/microbiome/wgs/analysis/hmwgsqc/v1/SRS014690.tar.bz2
SRS014691	https://downloads.hmpdacc.org/dacc/hhs/genome/microbiome/wgs/analysis/hmwgsqc/v1/SRS014691.tar.bz2
SRS014692	https://downloads.hmpdacc.org/dacc/hhs/genome/microbiome/wgs/analysis/hmwgsqc/v1/SRS014692.tar.bz2
SRS014888	https://downloads.hmpdacc.org/dacc/hhs/genome/microbiome/wgs/analysis/hmwgsqc/v1/SRS014888.tar.bz2
SRS014890	https://downloads.hmpdacc.org/dacc/hhs/genome/microbiome/wgs/analysis/hmwgsqc/v1/SRS014890.tar.bz2
SRS014894	https://downloads.hmpdacc.org/dacc/hhs/genome/microbiome/wgs/analysis/hmwgsqc/v1/SRS014894.tar.bz2
SRS014901	https://downloads.hmpdacc.org/dacc/hhs/genome/microbiome/wgs/analysis/hmwgsqc/v1/SRS014901.tar.bz2
SRS014923	https://downloads.hmpdacc.org/dacc/hhs/genome/microbiome/wgs/analysis/hmwgsqc/v1/SRS014923.tar.bz2
SRS014979	https://downloads.hmpdacc.org/dacc/hhs/genome/microbiome/wgs/analysis/hmwgsqc/v1/SRS014979.tar.bz2
SRS015038	https://downloads.hmpdacc.org/dacc/hhs/genome/microbiome/wgs/analysis/hmwgsqc/v1/SRS015038.tar.bz2
SRS015040	https://downloads.hmpdacc.org/dacc/hhs/genome/microbiome/wgs/analysis/hmwgsqc/v1/SRS015040.tar.bz2
SRS015044	https://downloads.hmpdacc.org/dacc/hhs/genome/microbiome/wgs/analysis/hmwgsqc/v1/SRS015044.tar.bz2
SRS015051	https://downloads.hmpdacc.org/dacc/hhs/genome/microbiome/wgs/analysis/hmwgsqc/v1/SRS015051.tar.bz2
SRS015054	https://downloads.hmpdacc.org/dacc/hhs/genome/microbiome/wgs/analysis/hmwgsqc/v1/SRS015054.tar.bz2
SRS015055	https://downloads.hmpdacc.org/dacc/hhs/genome/microbiome/wgs/analysis/hmwgsqc/v1/SRS015055.tar.bz2
SRS015057	https://downloads.hmpdacc.org/dacc/hhs/genome/microbiome/wgs/analysis/hmwgsqc/v1/SRS015057.tar.bz2
SRS015059	https://downloads.hmpdacc.org/dacc/hhs/genome/microbiome/wgs/analysis/hmwgsqc/v1/SRS015059.tar.bz2
SRS015060	https://downloads.hmpdacc.org/dacc/hhs/genome/microbiome/wgs/analysis/hmwgsqc/v1/SRS015060.tar.bz2
SRS015061	https://downloads.hmpdacc.org/dacc/hhs/genome/microbiome/wgs/analysis/hmwgsqc/v1/SRS015061.tar.bz2
SRS015062	https://downloads.hmpdacc.org/dacc/hhs/genome/microbiome/wgs/analysis/hmwgsqc/v1/SRS015062.tar.bz2
SRS015063	https://downloads.hmpdacc.org/dacc/hhs/genome/microbiome/wgs/analysis/hmwgsqc/v1/SRS015063.tar.bz2
SRS015065	https://downloads.hmpdacc.org/dacc/hhs/genome/microbiome/wgs/analysis/hmwgsqc/v1/SRS015065.tar.bz2
SRS015071	https://downloads.hmpdacc.org/dacc/hhs/genome/microbiome/wgs/analysis/hmwgsqc/v1/SRS015071.tar.bz2
SRS015072	https://downloads.hmpdacc.org/dacc/hhs/genome/microbiome/wgs/analysis/hmwgsqc/v1/SRS015072.tar.bz2
SRS015073	https://downloads.hmpdacc.org/dacc/hhs/genome/microbiome/wgs/analysis/hmwgsqc/v1/SRS015073.tar.bz2
SRS015133	https://downloads.hmpdacc.org/dacc/hhs/genome/microbiome/wgs/analysis/hmwgsqc/v1/SRS015133.tar.bz2
SRS015154	https://downloads.hmpdacc.org/dacc/hhs/genome/microbiome/wgs/analysis/hmwgsqc/v1/SRS015154.tar.bz2
SRS015158	https://downloads.hmpdacc.org/dacc/hhs/genome/microbiome/wgs/analysis/hmwgsqc/v1/SRS015158.tar.bz2
SRS015168	https://downloads.hmpdacc.org/dacc/hhs/genome/microbiome/wgs/analysis/hmwgsqc/v1/SRS015168.tar.bz2
SRS015190	https://downloads.hmpdacc.org/dacc/hhs/genome/microbiome/wgs/analysis/hmwgsqc/v1/SRS015190.tar.bz2
SRS015209	https://downloads.hmpdacc.org/dacc/hhs/genome/microbiome/wgs/analysis/hmwgsqc/v1/SRS015209.tar.bz2
SRS015215	https://downloads.hmpdacc.org/dacc/hhs/genome/microbiome/wgs/analysis/hmwgsqc/v1/SRS015215.tar.bz2
SRS015217	https://downloads.hmpdacc.org/dacc/hhs/genome/microbiome/wgs/analysis/hmwgsqc/v1/SRS015217.tar.bz2
SRS015225	https://downloads.hmpdacc.org/dacc/hhs/genome/microbiome/wgs/analysis/hmwgsqc/v1/SRS015225.tar.bz2
SRS015264	https://downloads.hmpdacc.org/dacc/hhs/genome/microbiome/wgs/analysis/hmwgsqc/v1/SRS015264.tar.bz2
SRS015269	https://downloads.hmpdacc.org/dacc/hhs/genome/microbiome/wgs/analysis/hmwgsqc/v1/SRS015269.tar.bz2
SRS015272	https://downloads.hmpdacc.org/dacc/hhs/genome/microbiome/wgs/analysis/hmwgsqc/v1/SRS015272.tar.bz2
SRS015274	https://downloads.hmpdacc.org/dacc/hhs/genome/microbiome/wgs/analysis/hmwgsqc/v1/SRS015274.tar.bz2
SRS015278	https://downloads.hmpdacc.org/dacc/hhs/genome/microbiome/wgs/analysis/hmwgsqc/v1/SRS015278.tar.bz2
SRS015369	https://downloads.hmpdacc.org/dacc/hhs/genome/microbiome/wgs/analysis/hmwgsqc/v1/SRS015369.tar.bz2
SRS015374	https://downloads.hmpdacc.org/dacc/hhs/genome/microbiome/wgs/analysis/hmwgsqc/v1/SRS015374.tar.bz2
SRS015378	https://downloads.hmpdacc.org/dacc/hhs/genome/microbiome/wgs/analysis/hmwgsqc/v1/SRS015378.tar.bz2
SRS015381	https://downloads.hmpdacc.org/dacc/hhs/genome/microbiome/wgs/analysis/hmwgsqc/v1/SRS015381.tar.bz2
SRS015395	https://downloads.hmpdacc.org/dacc/hhs/genome/microbiome/wgs/analysis/hmwgsqc/v1/SRS015395.tar.bz2
SRS015425	https://downloads.hmpdacc.org/dacc/hhs/genome/microbiome/wgs/analysis/hmwgsqc/v1/SRS015425.tar.bz2
SRS015430	https://downloads.hmpdacc.org/dacc/hhs/genome/microbiome/wgs/analysis/hmwgsqc/v1/SRS015430.tar.bz2
SRS015434	https://downloads.hmpdacc.org/dacc/hhs/genome/microbiome/wgs/analysis/hmwgsqc/v1/SRS015434.tar.bz2
SRS015436	https://downloads.hmpdacc.org/dacc/hhs/genome/microbiome/wgs/analysis/hmwgsqc/v1/SRS015436.tar.bz2
SRS015440	https://downloads.hmpdacc.org/dacc/hhs/genome/microbiome/wgs/analysis/hmwgsqc/v1/SRS015440.tar.bz2
SRS015450	https://downloads.hmpdacc.org/dacc/hhs/genome/microbiome/wgs/analysis/hmwgsqc/v1/SRS015450.tar.bz2
SRS015470	https://downloads.hmpdacc.org/dacc/hhs/genome/microbiome/wgs/analysis/hmwgsqc/v1/SRS015470.tar.bz2
SRS015537	https://downloads.hmpdacc.org/dacc/hhs/genome/microbiome/wgs/analysis/hmwgsqc/v1/SRS015537.tar.bz2
SRS015574	https://downloads.hmpdacc.org/dacc/hhs/genome/microbiome/wgs/analysis/hmwgsqc/v1/SRS015574.tar.bz2
SRS015578	https://downloads.hmpdacc.org/dacc/hhs/genome/microbiome/wgs/analysis/hmwgsqc/v1/SRS015578.tar.bz2
SRS015640	https://downloads.hmpdacc.org/dacc/hhs/genome/microbiome/wgs/analysis/hmwgsqc/v1/SRS015640.tar.bz2
SRS015644	https://downloads.hmpdacc.org/dacc/hhs/genome/microbiome/wgs/analysis/hmwgsqc/v1/SRS015644.tar.bz2
SRS015646	https://downloads.hmpdacc.org/dacc/hhs/genome/microbiome/wgs/analysis/hmwgsqc/v1/SRS015646.tar.bz2
SRS015650	https://downloads.hmpdacc.org/dacc/hhs/genome/microbiome/wgs/analysis/hmwgsqc/v1/SRS015650.tar.bz2
SRS015663	https://downloads.hmpdacc.org/dacc/hhs/genome/microbiome/wgs/analysis/hmwgsqc/v1/SRS015663.tar.bz2
SRS015745	https://downloads.hmpdacc.org/dacc/hhs/genome/microbiome/wgs/analysis/hmwgsqc/v1/SRS015745.tar.bz2
SRS015752	https://downloads.hmpdacc.org/dacc/hhs/genome/microbiome/wgs/analysis/hmwgsqc/v1/SRS015752.tar.bz2
SRS015755	https://downloads.hmpdacc.org/dacc/hhs/genome/microbiome/wgs/analysis/hmwgsqc/v1/SRS015755.tar.bz2
SRS015762	https://downloads.hmpdacc.org/dacc/hhs/genome/microbiome/wgs/analysis/hmwgsqc/v1/SRS015762.tar.bz2
SRS015782	https://downloads.hmpdacc.org/dacc/hhs/genome/microbiome/wgs/analysis/hmwgsqc/v1/SRS015782.tar.bz2
SRS015793	https://downloads.hmpdacc.org/dacc/hhs/genome/microbiome/wgs/analysis/hmwgsqc/v1/SRS015793.tar.bz2
SRS015794	https://downloads.hmpdacc.org/dacc/hhs/genome/microbiome/wgs/analysis/hmwgsqc/v1/SRS015794.tar.bz2
SRS015797	https://downloads.hmpdacc.org/dacc/hhs/genome/microbiome/wgs/analysis/hmwgsqc/v1/SRS015797.tar.bz2
SRS015799	https://downloads.hmpdacc.org/dacc/hhs/genome/microbiome/wgs/analysis/hmwgsqc/v1/SRS015799.tar.bz2
SRS015803	https://downloads.hmpdacc.org/dacc/hhs/genome/microbiome/wgs/analysis/hmwgsqc/v1/SRS015803.tar.bz2
SRS015854	https://downloads.hmpdacc.org/dacc/hhs/genome/microbiome/wgs/analysis/hmwgsqc/v1/SRS015854.tar.bz2
SRS015893	https://downloads.hmpdacc.org/dacc/hhs/genome/microbiome/wgs/analysis/hmwgsqc/v1/SRS015893.tar.bz2
SRS015895	https://downloads.hmpdacc.org/dacc/hhs/genome/microbiome/wgs/analysis/hmwgsqc/v1/SRS015895.tar.bz2
SRS015899	https://downloads.hmpdacc.org/dacc/hhs/genome/microbiome/wgs/analysis/hmwgsqc/v1/SRS015899.tar.bz2
SRS015921	https://downloads.hmpdacc.org/dacc/hhs/genome/microbiome/wgs/analysis/hmwgsqc/v1/SRS015921.tar.bz2
SRS015937	https://downloads.hmpdacc.org/dacc/hhs/genome/microbiome/wgs/analysis/hmwgsqc/v1/SRS015937.tar.bz2
SRS015941	https://downloads.hmpdacc.org/dacc/hhs/genome/microbiome/wgs/analysis/hmwgsqc/v1/SRS015941.tar.bz2
SRS015947	https://downloads.hmpdacc.org/dacc/hhs/genome/microbiome/wgs/analysis/hmwgsqc/v1/SRS015947.tar.bz2
SRS015960	https://downloads.hmpdacc.org/dacc/hhs/genome/microbiome/wgs/analysis/hmwgsqc/v1/SRS015960.tar.bz2
SRS015985	https://downloads.hmpdacc.org/dacc/hhs/genome/microbiome/wgs/analysis/hmwgsqc/v1/SRS015985.tar.bz2
SRS015989	https://downloads.hmpdacc.org/dacc/hhs/genome/microbiome/wgs/analysis/hmwgsqc/v1/SRS015989.tar.bz2
SRS015996	https://downloads.hmpdacc.org/dacc/hhs/genome/microbiome/wgs/analysis/hmwgsqc/v1/SRS015996.tar.bz2
SRS016002	https://downloads.hmpdacc.org/dacc/hhs/genome/microbiome/wgs/analysis/hmwgsqc/v1/SRS016002.tar.bz2
SRS016018	https://downloads.hmpdacc.org/dacc/hhs/genome/microbiome/wgs/analysis/hmwgsqc/v1/SRS016018.tar.bz2
SRS016033	https://downloads.hmpdacc.org/dacc/hhs/genome/microbiome/wgs/analysis/hmwgsqc/v1/SRS016033.tar.bz2
SRS016037	https://downloads.hmpdacc.org/dacc/hhs/genome/microbiome/wgs/analysis/hmwgsqc/v1/SRS016037.tar.bz2
SRS016039	https://downloads.hmpdacc.org/dacc/hhs/genome/microbiome/wgs/analysis/hmwgsqc/v1/SRS016039.tar.bz2
SRS016043	https://downloads.hmpdacc.org/dacc/hhs/genome/microbiome/wgs/analysis/hmwgsqc/v1/SRS016043.tar.bz2
SRS016056	https://downloads.hmpdacc.org/dacc/hhs/genome/microbiome/wgs/analysis/hmwgsqc/v1/SRS016056.tar.bz2
SRS016086	https://downloads.hmpdacc.org/dacc/hhs/genome/microbiome/wgs/analysis/hmwgsqc/v1/SRS016086.tar.bz2
SRS016088	https://downloads.hmpdacc.org/dacc/hhs/genome/microbiome/wgs/analysis/hmwgsqc/v1/SRS016088.tar.bz2
SRS016092	https://downloads.hmpdacc.org/dacc/hhs/genome/microbiome/wgs/analysis/hmwgsqc/v1/SRS016092.tar.bz2
SRS016095	https://downloads.hmpdacc.org/dacc/hhs/genome/microbiome/wgs/analysis/hmwgsqc/v1/SRS016095.tar.bz2
SRS016105	https://downloads.hmpdacc.org/dacc/hhs/genome/microbiome/wgs/analysis/hmwgsqc/v1/SRS016105.tar.bz2
SRS016111	https://downloads.hmpdacc.org/dacc/hhs/genome/microbiome/wgs/analysis/hmwgsqc/v1/SRS016111.tar.bz2
SRS016188	https://downloads.hmpdacc.org/dacc/hhs/genome/microbiome/wgs/analysis/hmwgsqc/v1/SRS016188.tar.bz2
SRS016191	https://downloads.hmpdacc.org/dacc/hhs/genome/microbiome/wgs/analysis/hmwgsqc/v1/SRS016191.tar.bz2
SRS016196	https://downloads.hmpdacc.org/dacc/hhs/genome/microbiome/wgs/analysis/hmwgsqc/v1/SRS016196.tar.bz2
SRS016200	https://downloads.hmpdacc.org/dacc/hhs/genome/microbiome/wgs/analysis/hmwgsqc/v1/SRS016200.tar.bz2
SRS016203	https://downloads.hmpdacc.org/dacc/hhs/genome/microbiome/wgs/analysis/hmwgsqc/v1/SRS016203.tar.bz2
SRS016225	https://downloads.hmpdacc.org/dacc/hhs/genome/microbiome/wgs/analysis/hmwgsqc/v1/SRS016225.tar.bz2
SRS016267	https://downloads.hmpdacc.org/dacc/hhs/genome/microbiome/wgs/analysis/hmwgsqc/v1/SRS016267.tar.bz2
SRS016292	https://downloads.hmpdacc.org/dacc/hhs/genome/microbiome/wgs/analysis/hmwgsqc/v1/SRS016292.tar.bz2
SRS016297	https://downloads.hmpdacc.org/dacc/hhs/genome/microbiome/wgs/analysis/hmwgsqc/v1/SRS016297.tar.bz2
SRS016319	https://downloads.hmpdacc.org/dacc/hhs/genome/microbiome/wgs/analysis/hmwgsqc/v1/SRS016319.tar.bz2
SRS016331	https://downloads.hmpdacc.org/dacc/hhs/genome/microbiome/wgs/analysis/hmwgsqc/v1/SRS016331.tar.bz2
SRS016335	https://downloads.hmpdacc.org/dacc/hhs/genome/microbiome/wgs/analysis/hmwgsqc/v1/SRS016335.tar.bz2
SRS016342	https://downloads.hmpdacc.org/dacc/hhs/genome/microbiome/wgs/analysis/hmwgsqc/v1/SRS016342.tar.bz2
SRS016349	https://downloads.hmpdacc.org/dacc/hhs/genome/microbiome/wgs/analysis/hmwgsqc/v1/SRS016349.tar.bz2
SRS016360	https://downloads.hmpdacc.org/dacc/hhs/genome/microbiome/wgs/analysis/hmwgsqc/v1/SRS016360.tar.bz2
SRS016434	https://downloads.hmpdacc.org/dacc/hhs/genome/microbiome/wgs/analysis/hmwgsqc/v1/SRS016434.tar.bz2
SRS016495	https://downloads.hmpdacc.org/dacc/hhs/genome/microbiome/wgs/analysis/hmwgsqc/v1/SRS016495.tar.bz2
SRS016501	https://downloads.hmpdacc.org/dacc/hhs/genome/microbiome/wgs/analysis/hmwgsqc/v1/SRS016501.tar.bz2
SRS016503	https://downloads.hmpdacc.org/dacc/hhs/genome/microbiome/wgs/analysis/hmwgsqc/v1/SRS016503.tar.bz2
SRS016513	https://downloads.hmpdacc.org/dacc/hhs/genome/microbiome/wgs/analysis/hmwgsqc/v1/SRS016513.tar.bz2
SRS016516	https://downloads.hmpdacc.org/dacc/hhs/genome/microbiome/wgs/analysis/hmwgsqc/v1/SRS016516.tar.bz2
SRS016529	https://downloads.hmpdacc.org/dacc/hhs/genome/microbiome/wgs/analysis/hmwgsqc/v1/SRS016529.tar.bz2
SRS016533	https://downloads.hmpdacc.org/dacc/hhs/genome/microbiome/wgs/analysis/hmwgsqc/v1/SRS016533.tar.bz2
SRS016541	https://downloads.hmpdacc.org/dacc/hhs/genome/microbiome/wgs/analysis/hmwgsqc/v1/SRS016541.tar.bz2
SRS016553	https://downloads.hmpdacc.org/dacc/hhs/genome/microbiome/wgs/analysis/hmwgsqc/v1/SRS016553.tar.bz2
SRS016559	https://downloads.hmpdacc.org/dacc/hhs/genome/microbiome/wgs/analysis/hmwgsqc/v1/SRS016559.tar.bz2
SRS016569	https://downloads.hmpdacc.org/dacc/hhs/genome/microbiome/wgs/analysis/hmwgsqc/v1/SRS016569.tar.bz2
SRS016575	https://downloads.hmpdacc.org/dacc/hhs/genome/microbiome/wgs/analysis/hmwgsqc/v1/SRS016575.tar.bz2
SRS016581	https://downloads.hmpdacc.org/dacc/hhs/genome/microbiome/wgs/analysis/hmwgsqc/v1/SRS016581.tar.bz2
SRS016584	https://downloads.hmpdacc.org/dacc/hhs/genome/microbiome/wgs/analysis/hmwgsqc/v1/SRS016584.tar.bz2
SRS016585	https://downloads.hmpdacc.org/dacc/hhs/genome/microbiome/wgs/analysis/hmwgsqc/v1/SRS016585.tar.bz2
SRS016600	https://downloads.hmpdacc.org/dacc/hhs/genome/microbiome/wgs/analysis/hmwgsqc/v1/SRS016600.tar.bz2
SRS016740	https://downloads.hmpdacc.org/dacc/hhs/genome/microbiome/wgs/analysis/hmwgsqc/v1/SRS016740.tar.bz2
SRS016746	https://downloads.hmpdacc.org/dacc/hhs/genome/microbiome/wgs/analysis/hmwgsqc/v1/SRS016746.tar.bz2
SRS016752	https://downloads.hmpdacc.org/dacc/hhs/genome/microbiome/wgs/analysis/hmwgsqc/v1/SRS016752.tar.bz2
SRS016753	https://downloads.hmpdacc.org/dacc/hhs/genome/microbiome/wgs/analysis/hmwgsqc/v1/SRS016753.tar.bz2
SRS016944	https://downloads.hmpdacc.org/dacc/hhs/genome/microbiome/wgs/analysis/hmwgsqc/v1/SRS016944.tar.bz2
SRS016954	https://downloads.hmpdacc.org/dacc/hhs/genome/microbiome/wgs/analysis/hmwgsqc/v1/SRS016954.tar.bz2
SRS016989	https://downloads.hmpdacc.org/dacc/hhs/genome/microbiome/wgs/analysis/hmwgsqc/v1/SRS016989.tar.bz2
SRS017013	https://downloads.hmpdacc.org/dacc/hhs/genome/microbiome/wgs/analysis/hmwgsqc/v1/SRS017013.tar.bz2
SRS017025	https://downloads.hmpdacc.org/dacc/hhs/genome/microbiome/wgs/analysis/hmwgsqc/v1/SRS017025.tar.bz2
SRS017044	https://downloads.hmpdacc.org/dacc/hhs/genome/microbiome/wgs/analysis/hmwgsqc/v1/SRS017044.tar.bz2
SRS017076	https://downloads.hmpdacc.org/dacc/hhs/genome/microbiome/wgs/analysis/hmwgsqc/v1/SRS017076.tar.bz2
SRS017080	https://downloads.hmpdacc.org/dacc/hhs/genome/microbiome/wgs/analysis/hmwgsqc/v1/SRS017080.tar.bz2
SRS017088	https://downloads.hmpdacc.org/dacc/hhs/genome/microbiome/wgs/analysis/hmwgsqc/v1/SRS017088.tar.bz2
SRS017103	https://downloads.hmpdacc.org/dacc/hhs/genome/microbiome/wgs/analysis/hmwgsqc/v1/SRS017103.tar.bz2
SRS017120	https://downloads.hmpdacc.org/dacc/hhs/genome/microbiome/wgs/analysis/hmwgsqc/v1/SRS017120.tar.bz2
SRS017127	https://downloads.hmpdacc.org/dacc/hhs/genome/microbiome/wgs/analysis/hmwgsqc/v1/SRS017127.tar.bz2
SRS017139	https://downloads.hmpdacc.org/dacc/hhs/genome/microbiome/wgs/analysis/hmwgsqc/v1/SRS017139.tar.bz2
SRS017156	https://downloads.hmpdacc.org/dacc/hhs/genome/microbiome/wgs/analysis/hmwgsqc/v1/SRS017156.tar.bz2
SRS017191	https://downloads.hmpdacc.org/dacc/hhs/genome/microbiome/wgs/analysis/hmwgsqc/v1/SRS017191.tar.bz2
SRS017209	https://downloads.hmpdacc.org/dacc/hhs/genome/microbiome/wgs/analysis/hmwgsqc/v1/SRS017209.tar.bz2
SRS017215	https://downloads.hmpdacc.org/dacc/hhs/genome/microbiome/wgs/analysis/hmwgsqc/v1/SRS017215.tar.bz2
SRS017227	https://downloads.hmpdacc.org/dacc/hhs/genome/microbiome/wgs/analysis/hmwgsqc/v1/SRS017227.tar.bz2
SRS017244	https://downloads.hmpdacc.org/dacc/hhs/genome/microbiome/wgs/analysis/hmwgsqc/v1/SRS017244.tar.bz2
SRS017247	https://downloads.hmpdacc.org/dacc/hhs/genome/microbiome/wgs/analysis/hmwgsqc/v1/SRS017247.tar.bz2
SRS017304	https://downloads.hmpdacc.org/dacc/hhs/genome/microbiome/wgs/analysis/hmwgsqc/v1/SRS017304.tar.bz2
SRS017307	https://downloads.hmpdacc.org/dacc/hhs/genome/microbiome/wgs/analysis/hmwgsqc/v1/SRS017307.tar.bz2
SRS017433	https://downloads.hmpdacc.org/dacc/hhs/genome/microbiome/wgs/analysis/hmwgsqc/v1/SRS017433.tar.bz2
SRS017439	https://downloads.hmpdacc.org/dacc/hhs/genome/microbiome/wgs/analysis/hmwgsqc/v1/SRS017439.tar.bz2
SRS017441	https://downloads.hmpdacc.org/dacc/hhs/genome/microbiome/wgs/analysis/hmwgsqc/v1/SRS017441.tar.bz2
SRS017445	https://downloads.hmpdacc.org/dacc/hhs/genome/microbiome/wgs/analysis/hmwgsqc/v1/SRS017445.tar.bz2
SRS017451	https://downloads.hmpdacc.org/dacc/hhs/genome/microbiome/wgs/analysis/hmwgsqc/v1/SRS017451.tar.bz2
SRS017497	https://downloads.hmpdacc.org/dacc/hhs/genome/microbiome/wgs/analysis/hmwgsqc/v1/SRS017497.tar.bz2
SRS017511	https://downloads.hmpdacc.org/dacc/hhs/genome/microbiome/wgs/analysis/hmwgsqc/v1/SRS017511.tar.bz2
SRS017520	https://downloads.hmpdacc.org/dacc/hhs/genome/microbiome/wgs/analysis/hmwgsqc/v1/SRS017520.tar.bz2
SRS017521	https://downloads.hmpdacc.org/dacc/hhs/genome/microbiome/wgs/analysis/hmwgsqc/v1/SRS017521.tar.bz2
SRS017533	https://downloads.hmpdacc.org/dacc/hhs/genome/microbiome/wgs/analysis/hmwgsqc/v1/SRS017533.tar.bz2
SRS017537	https://downloads.hmpdacc.org/dacc/hhs/genome/microbiome/wgs/analysis/hmwgsqc/v1/SRS017537.tar.bz2
SRS017687	https://downloads.hmpdacc.org/dacc/hhs/genome/microbiome/wgs/analysis/hmwgsqc/v1/SRS017687.tar.bz2
SRS017691	https://downloads.hmpdacc.org/dacc/hhs/genome/microbiome/wgs/analysis/hmwgsqc/v1/SRS017691.tar.bz2
SRS017697	https://downloads.hmpdacc.org/dacc/hhs/genome/microbiome/wgs/analysis/hmwgsqc/v1/SRS017697.tar.bz2
SRS017700	https://downloads.hmpdacc.org/dacc/hhs/genome/microbiome/wgs/analysis/hmwgsqc/v1/SRS017700.tar.bz2
SRS017701	https://downloads.hmpdacc.org/dacc/hhs/genome/microbiome/wgs/analysis/hmwgsqc/v1/SRS017701.tar.bz2
SRS017713	https://downloads.hmpdacc.org/dacc/hhs/genome/microbiome/wgs/analysis/hmwgsqc/v1/SRS017713.tar.bz2
SRS017808	https://downloads.hmpdacc.org/dacc/hhs/genome/microbiome/wgs/analysis/hmwgsqc/v1/SRS017808.tar.bz2
SRS017810	https://downloads.hmpdacc.org/dacc/hhs/genome/microbiome/wgs/analysis/hmwgsqc/v1/SRS017810.tar.bz2
SRS017814	https://downloads.hmpdacc.org/dacc/hhs/genome/microbiome/wgs/analysis/hmwgsqc/v1/SRS017814.tar.bz2
SRS017820	https://downloads.hmpdacc.org/dacc/hhs/genome/microbiome/wgs/analysis/hmwgsqc/v1/SRS017820.tar.bz2
SRS017821	https://downloads.hmpdacc.org/dacc/hhs/genome/microbiome/wgs/analysis/hmwgsqc/v1/SRS017821.tar.bz2
SRS017849	https://downloads.hmpdacc.org/dacc/hhs/genome/microbiome/wgs/analysis/hmwgsqc/v1/SRS017849.tar.bz2
SRS017851	https://downloads.hmpdacc.org/dacc/hhs/genome/microbiome/wgs/analysis/hmwgsqc/v1/SRS017851.tar.bz2
SRS018133	https://downloads.hmpdacc.org/dacc/hhs/genome/microbiome/wgs/analysis/hmwgsqc/v1/SRS018133.tar.bz2
SRS018145	https://downloads.hmpdacc.org/dacc/hhs/genome/microbiome/wgs/analysis/hmwgsqc/v1/SRS018145.tar.bz2
SRS018149	https://downloads.hmpdacc.org/dacc/hhs/genome/microbiome/wgs/analysis/hmwgsqc/v1/SRS018149.tar.bz2
SRS018157	https://downloads.hmpdacc.org/dacc/hhs/genome/microbiome/wgs/analysis/hmwgsqc/v1/SRS018157.tar.bz2
SRS018300	https://downloads.hmpdacc.org/dacc/hhs/genome/microbiome/wgs/analysis/hmwgsqc/v1/SRS018300.tar.bz2
SRS018312	https://downloads.hmpdacc.org/dacc/hhs/genome/microbiome/wgs/analysis/hmwgsqc/v1/SRS018312.tar.bz2
SRS018313	https://downloads.hmpdacc.org/dacc/hhs/genome/microbiome/wgs/analysis/hmwgsqc/v1/SRS018313.tar.bz2
SRS018329	https://downloads.hmpdacc.org/dacc/hhs/genome/microbiome/wgs/analysis/hmwgsqc/v1/SRS018329.tar.bz2
SRS018337	https://downloads.hmpdacc.org/dacc/hhs/genome/microbiome/wgs/analysis/hmwgsqc/v1/SRS018337.tar.bz2
SRS018351	https://downloads.hmpdacc.org/dacc/hhs/genome/microbiome/wgs/analysis/hmwgsqc/v1/SRS018351.tar.bz2
SRS018357	https://downloads.hmpdacc.org/dacc/hhs/genome/microbiome/wgs/analysis/hmwgsqc/v1/SRS018357.tar.bz2
SRS018359	https://downloads.hmpdacc.org/dacc/hhs/genome/microbiome/wgs/analysis/hmwgsqc/v1/SRS018359.tar.bz2
SRS018369	https://downloads.hmpdacc.org/dacc/hhs/genome/microbiome/wgs/analysis/hmwgsqc/v1/SRS018369.tar.bz2
SRS018394	https://downloads.hmpdacc.org/dacc/hhs/genome/microbiome/wgs/analysis/hmwgsqc/v1/SRS018394.tar.bz2
SRS018427	https://downloads.hmpdacc.org/dacc/hhs/genome/microbiome/wgs/analysis/hmwgsqc/v1/SRS018427.tar.bz2
SRS018439	https://downloads.hmpdacc.org/dacc/hhs/genome/microbiome/wgs/analysis/hmwgsqc/v1/SRS018439.tar.bz2
SRS018443	https://downloads.hmpdacc.org/dacc/hhs/genome/microbiome/wgs/analysis/hmwgsqc/v1/SRS018443.tar.bz2
SRS018463	https://downloads.hmpdacc.org/dacc/hhs/genome/microbiome/wgs/analysis/hmwgsqc/v1/SRS018463.tar.bz2
SRS018569	https://downloads.hmpdacc.org/dacc/hhs/genome/microbiome/wgs/analysis/hmwgsqc/v1/SRS018569.tar.bz2
SRS018573	https://downloads.hmpdacc.org/dacc/hhs/genome/microbiome/wgs/analysis/hmwgsqc/v1/SRS018573.tar.bz2
SRS018575	https://downloads.hmpdacc.org/dacc/hhs/genome/microbiome/wgs/analysis/hmwgsqc/v1/SRS018575.tar.bz2
SRS018585	https://downloads.hmpdacc.org/dacc/hhs/genome/microbiome/wgs/analysis/hmwgsqc/v1/SRS018585.tar.bz2
SRS018591	https://downloads.hmpdacc.org/dacc/hhs/genome/microbiome/wgs/analysis/hmwgsqc/v1/SRS018591.tar.bz2
SRS018656	https://downloads.hmpdacc.org/dacc/hhs/genome/microbiome/wgs/analysis/hmwgsqc/v1/SRS018656.tar.bz2
SRS018661	https://downloads.hmpdacc.org/dacc/hhs/genome/microbiome/wgs/analysis/hmwgsqc/v1/SRS018661.tar.bz2
SRS018665	https://downloads.hmpdacc.org/dacc/hhs/genome/microbiome/wgs/analysis/hmwgsqc/v1/SRS018665.tar.bz2
SRS018671	https://downloads.hmpdacc.org/dacc/hhs/genome/microbiome/wgs/analysis/hmwgsqc/v1/SRS018671.tar.bz2
SRS018739	https://downloads.hmpdacc.org/dacc/hhs/genome/microbiome/wgs/analysis/hmwgsqc/v1/SRS018739.tar.bz2
SRS018769	https://downloads.hmpdacc.org/dacc/hhs/genome/microbiome/wgs/analysis/hmwgsqc/v1/SRS018769.tar.bz2
SRS018778	https://downloads.hmpdacc.org/dacc/hhs/genome/microbiome/wgs/analysis/hmwgsqc/v1/SRS018778.tar.bz2
SRS018784	https://downloads.hmpdacc.org/dacc/hhs/genome/microbiome/wgs/analysis/hmwgsqc/v1/SRS018784.tar.bz2
SRS018791	https://downloads.hmpdacc.org/dacc/hhs/genome/microbiome/wgs/analysis/hmwgsqc/v1/SRS018791.tar.bz2
SRS018817	https://downloads.hmpdacc.org/dacc/hhs/genome/microbiome/wgs/analysis/hmwgsqc/v1/SRS018817.tar.bz2
SRS018969	https://downloads.hmpdacc.org/dacc/hhs/genome/microbiome/wgs/analysis/hmwgsqc/v1/SRS018969.tar.bz2
SRS018971	https://downloads.hmpdacc.org/dacc/hhs/genome/microbiome/wgs/analysis/hmwgsqc/v1/SRS018971.tar.bz2
SRS018975	https://downloads.hmpdacc.org/dacc/hhs/genome/microbiome/wgs/analysis/hmwgsqc/v1/SRS018975.tar.bz2
SRS018978	https://downloads.hmpdacc.org/dacc/hhs/genome/microbiome/wgs/analysis/hmwgsqc/v1/SRS018978.tar.bz2
SRS018981	https://downloads.hmpdacc.org/dacc/hhs/genome/microbiome/wgs/analysis/hmwgsqc/v1/SRS018981.tar.bz2
SRS019015	https://downloads.hmpdacc.org/dacc/hhs/genome/microbiome/wgs/analysis/hmwgsqc/v1/SRS019015.tar.bz2
SRS019016	https://downloads.hmpdacc.org/dacc/hhs/genome/microbiome/wgs/analysis/hmwgsqc/v1/SRS019016.tar.bz2
SRS019019	https://downloads.hmpdacc.org/dacc/hhs/genome/microbiome/wgs/analysis/hmwgsqc/v1/SRS019019.tar.bz2
SRS019022	https://downloads.hmpdacc.org/dacc/hhs/genome/microbiome/wgs/analysis/hmwgsqc/v1/SRS019022.tar.bz2
SRS019024	https://downloads.hmpdacc.org/dacc/hhs/genome/microbiome/wgs/analysis/hmwgsqc/v1/SRS019024.tar.bz2
SRS019025	https://downloads.hmpdacc.org/dacc/hhs/genome/microbiome/wgs/analysis/hmwgsqc/v1/SRS019025.tar.bz2
SRS019026	https://downloads.hmpdacc.org/dacc/hhs/genome/microbiome/wgs/analysis/hmwgsqc/v1/SRS019026.tar.bz2
SRS019027	https://downloads.hmpdacc.org/dacc/hhs/genome/microbiome/wgs/analysis/hmwgsqc/v1/SRS019027.tar.bz2
SRS019028	https://downloads.hmpdacc.org/dacc/hhs/genome/microbiome/wgs/analysis/hmwgsqc/v1/SRS019028.tar.bz2
SRS019029	https://downloads.hmpdacc.org/dacc/hhs/genome/microbiome/wgs/analysis/hmwgsqc/v1/SRS019029.tar.bz2
SRS019030	https://downloads.hmpdacc.org/dacc/hhs/genome/microbiome/wgs/analysis/hmwgsqc/v1/SRS019030.tar.bz2
SRS019033	https://downloads.hmpdacc.org/dacc/hhs/genome/microbiome/wgs/analysis/hmwgsqc/v1/SRS019033.tar.bz2
SRS019039	https://downloads.hmpdacc.org/dacc/hhs/genome/microbiome/wgs/analysis/hmwgsqc/v1/SRS019039.tar.bz2
SRS019045	https://downloads.hmpdacc.org/dacc/hhs/genome/microbiome/wgs/analysis/hmwgsqc/v1/SRS019045.tar.bz2
SRS019063	https://downloads.hmpdacc.org/dacc/hhs/genome/microbiome/wgs/analysis/hmwgsqc/v1/SRS019063.tar.bz2
SRS019064	https://downloads.hmpdacc.org/dacc/hhs/genome/microbiome/wgs/analysis/hmwgsqc/v1/SRS019064.tar.bz2
SRS019067	https://downloads.hmpdacc.org/dacc/hhs/genome/microbiome/wgs/analysis/hmwgsqc/v1/SRS019067.tar.bz2
SRS019071	https://downloads.hmpdacc.org/dacc/hhs/genome/microbiome/wgs/analysis/hmwgsqc/v1/SRS019071.tar.bz2
SRS019073	https://downloads.hmpdacc.org/dacc/hhs/genome/microbiome/wgs/analysis/hmwgsqc/v1/SRS019073.tar.bz2
SRS019077	https://downloads.hmpdacc.org/dacc/hhs/genome/microbiome/wgs/analysis/hmwgsqc/v1/SRS019077.tar.bz2
SRS019081	https://downloads.hmpdacc.org/dacc/hhs/genome/microbiome/wgs/analysis/hmwgsqc/v1/SRS019081.tar.bz2
SRS019087	https://downloads.hmpdacc.org/dacc/hhs/genome/microbiome/wgs/analysis/hmwgsqc/v1/SRS019087.tar.bz2
SRS019116	https://downloads.hmpdacc.org/dacc/hhs/genome/microbiome/wgs/analysis/hmwgsqc/v1/SRS019116.tar.bz2
SRS019119	https://downloads.hmpdacc.org/dacc/hhs/genome/microbiome/wgs/analysis/hmwgsqc/v1/SRS019119.tar.bz2
SRS019120	https://downloads.hmpdacc.org/dacc/hhs/genome/microbiome/wgs/analysis/hmwgsqc/v1/SRS019120.tar.bz2
SRS019122	https://downloads.hmpdacc.org/dacc/hhs/genome/microbiome/wgs/analysis/hmwgsqc/v1/SRS019122.tar.bz2
SRS019124	https://downloads.hmpdacc.org/dacc/hhs/genome/microbiome/wgs/analysis/hmwgsqc/v1/SRS019124.tar.bz2
SRS019125	https://downloads.hmpdacc.org/dacc/hhs/genome/microbiome/wgs/analysis/hmwgsqc/v1/SRS019125.tar.bz2
SRS019126	https://downloads.hmpdacc.org/dacc/hhs/genome/microbiome/wgs/analysis/hmwgsqc/v1/SRS019126.tar.bz2
SRS019127	https://downloads.hmpdacc.org/dacc/hhs/genome/microbiome/wgs/analysis/hmwgsqc/v1/SRS019127.tar.bz2
SRS019128	https://downloads.hmpdacc.org/dacc/hhs/genome/microbiome/wgs/analysis/hmwgsqc/v1/SRS019128.tar.bz2
SRS019129	https://downloads.hmpdacc.org/dacc/hhs/genome/microbiome/wgs/analysis/hmwgsqc/v1/SRS019129.tar.bz2
SRS019161	https://downloads.hmpdacc.org/dacc/hhs/genome/microbiome/wgs/analysis/hmwgsqc/v1/SRS019161.tar.bz2
SRS019215	https://downloads.hmpdacc.org/dacc/hhs/genome/microbiome/wgs/analysis/hmwgsqc/v1/SRS019215.tar.bz2
SRS019219	https://downloads.hmpdacc.org/dacc/hhs/genome/microbiome/wgs/analysis/hmwgsqc/v1/SRS019219.tar.bz2
SRS019221	https://downloads.hmpdacc.org/dacc/hhs/genome/microbiome/wgs/analysis/hmwgsqc/v1/SRS019221.tar.bz2
SRS019225	https://downloads.hmpdacc.org/dacc/hhs/genome/microbiome/wgs/analysis/hmwgsqc/v1/SRS019225.tar.bz2
SRS019267	https://downloads.hmpdacc.org/dacc/hhs/genome/microbiome/wgs/analysis/hmwgsqc/v1/SRS019267.tar.bz2
SRS019327	https://downloads.hmpdacc.org/dacc/hhs/genome/microbiome/wgs/analysis/hmwgsqc/v1/SRS019327.tar.bz2
SRS019329	https://downloads.hmpdacc.org/dacc/hhs/genome/microbiome/wgs/analysis/hmwgsqc/v1/SRS019329.tar.bz2
SRS019333	https://downloads.hmpdacc.org/dacc/hhs/genome/microbiome/wgs/analysis/hmwgsqc/v1/SRS019333.tar.bz2
SRS019339	https://downloads.hmpdacc.org/dacc/hhs/genome/microbiome/wgs/analysis/hmwgsqc/v1/SRS019339.tar.bz2
SRS019379	https://downloads.hmpdacc.org/dacc/hhs/genome/microbiome/wgs/analysis/hmwgsqc/v1/SRS019379.tar.bz2
SRS019386	https://downloads.hmpdacc.org/dacc/hhs/genome/microbiome/wgs/analysis/hmwgsqc/v1/SRS019386.tar.bz2
SRS019387	https://downloads.hmpdacc.org/dacc/hhs/genome/microbiome/wgs/analysis/hmwgsqc/v1/SRS019387.tar.bz2
SRS019389	https://downloads.hmpdacc.org/dacc/hhs/genome/microbiome/wgs/analysis/hmwgsqc/v1/SRS019389.tar.bz2
SRS019391	https://downloads.hmpdacc.org/dacc/hhs/genome/microbiome/wgs/analysis/hmwgsqc/v1/SRS019391.tar.bz2
SRS019397	https://downloads.hmpdacc.org/dacc/hhs/genome/microbiome/wgs/analysis/hmwgsqc/v1/SRS019397.tar.bz2
SRS019582	https://downloads.hmpdacc.org/dacc/hhs/genome/microbiome/wgs/analysis/hmwgsqc/v1/SRS019582.tar.bz2
SRS019587	https://downloads.hmpdacc.org/dacc/hhs/genome/microbiome/wgs/analysis/hmwgsqc/v1/SRS019587.tar.bz2
SRS019591	https://downloads.hmpdacc.org/dacc/hhs/genome/microbiome/wgs/analysis/hmwgsqc/v1/SRS019591.tar.bz2
SRS019597	https://downloads.hmpdacc.org/dacc/hhs/genome/microbiome/wgs/analysis/hmwgsqc/v1/SRS019597.tar.bz2
SRS019600	https://downloads.hmpdacc.org/dacc/hhs/genome/microbiome/wgs/analysis/hmwgsqc/v1/SRS019600.tar.bz2
SRS019601	https://downloads.hmpdacc.org/dacc/hhs/genome/microbiome/wgs/analysis/hmwgsqc/v1/SRS019601.tar.bz2
SRS019607	https://downloads.hmpdacc.org/dacc/hhs/genome/microbiome/wgs/analysis/hmwgsqc/v1/SRS019607.tar.bz2
SRS019685	https://downloads.hmpdacc.org/dacc/hhs/genome/microbiome/wgs/analysis/hmwgsqc/v1/SRS019685.tar.bz2
SRS019787	https://downloads.hmpdacc.org/dacc/hhs/genome/microbiome/wgs/analysis/hmwgsqc/v1/SRS019787.tar.bz2
SRS019867	https://downloads.hmpdacc.org/dacc/hhs/genome/microbiome/wgs/analysis/hmwgsqc/v1/SRS019867.tar.bz2
SRS019872	https://downloads.hmpdacc.org/dacc/hhs/genome/microbiome/wgs/analysis/hmwgsqc/v1/SRS019872.tar.bz2
SRS019894	https://downloads.hmpdacc.org/dacc/hhs/genome/microbiome/wgs/analysis/hmwgsqc/v1/SRS019894.tar.bz2
SRS019906	https://downloads.hmpdacc.org/dacc/hhs/genome/microbiome/wgs/analysis/hmwgsqc/v1/SRS019906.tar.bz2
SRS019910	https://downloads.hmpdacc.org/dacc/hhs/genome/microbiome/wgs/analysis/hmwgsqc/v1/SRS019910.tar.bz2
SRS019968	https://downloads.hmpdacc.org/dacc/hhs/genome/microbiome/wgs/analysis/hmwgsqc/v1/SRS019968.tar.bz2
SRS019974	https://downloads.hmpdacc.org/dacc/hhs/genome/microbiome/wgs/analysis/hmwgsqc/v1/SRS019974.tar.bz2
SRS019976	https://downloads.hmpdacc.org/dacc/hhs/genome/microbiome/wgs/analysis/hmwgsqc/v1/SRS019976.tar.bz2
SRS019980	https://downloads.hmpdacc.org/dacc/hhs/genome/microbiome/wgs/analysis/hmwgsqc/v1/SRS019980.tar.bz2
SRS019986	https://downloads.hmpdacc.org/dacc/hhs/genome/microbiome/wgs/analysis/hmwgsqc/v1/SRS019986.tar.bz2
SRS019989	https://downloads.hmpdacc.org/dacc/hhs/genome/microbiome/wgs/analysis/hmwgsqc/v1/SRS019989.tar.bz2
SRS020220	https://downloads.hmpdacc.org/dacc/hhs/genome/microbiome/wgs/analysis/hmwgsqc/v1/SRS020220.tar.bz2
SRS020222	https://downloads.hmpdacc.org/dacc/hhs/genome/microbiome/wgs/analysis/hmwgsqc/v1/SRS020222.tar.bz2
SRS020226	https://downloads.hmpdacc.org/dacc/hhs/genome/microbiome/wgs/analysis/hmwgsqc/v1/SRS020226.tar.bz2
SRS020232	https://downloads.hmpdacc.org/dacc/hhs/genome/microbiome/wgs/analysis/hmwgsqc/v1/SRS020232.tar.bz2
SRS020233	https://downloads.hmpdacc.org/dacc/hhs/genome/microbiome/wgs/analysis/hmwgsqc/v1/SRS020233.tar.bz2
SRS020261	https://downloads.hmpdacc.org/dacc/hhs/genome/microbiome/wgs/analysis/hmwgsqc/v1/SRS020261.tar.bz2
SRS020263	https://downloads.hmpdacc.org/dacc/hhs/genome/microbiome/wgs/analysis/hmwgsqc/v1/SRS020263.tar.bz2
SRS020328	https://downloads.hmpdacc.org/dacc/hhs/genome/microbiome/wgs/analysis/hmwgsqc/v1/SRS020328.tar.bz2
SRS020334	https://downloads.hmpdacc.org/dacc/hhs/genome/microbiome/wgs/analysis/hmwgsqc/v1/SRS020334.tar.bz2
SRS020336	https://downloads.hmpdacc.org/dacc/hhs/genome/microbiome/wgs/analysis/hmwgsqc/v1/SRS020336.tar.bz2
SRS020340	https://downloads.hmpdacc.org/dacc/hhs/genome/microbiome/wgs/analysis/hmwgsqc/v1/SRS020340.tar.bz2
SRS020349	https://downloads.hmpdacc.org/dacc/hhs/genome/microbiome/wgs/analysis/hmwgsqc/v1/SRS020349.tar.bz2
SRS020386	https://downloads.hmpdacc.org/dacc/hhs/genome/microbiome/wgs/analysis/hmwgsqc/v1/SRS020386.tar.bz2
SRS020856	https://downloads.hmpdacc.org/dacc/hhs/genome/microbiome/wgs/analysis/hmwgsqc/v1/SRS020856.tar.bz2
SRS020858	https://downloads.hmpdacc.org/dacc/hhs/genome/microbiome/wgs/analysis/hmwgsqc/v1/SRS020858.tar.bz2
SRS020862	https://downloads.hmpdacc.org/dacc/hhs/genome/microbiome/wgs/analysis/hmwgsqc/v1/SRS020862.tar.bz2
SRS020868	https://downloads.hmpdacc.org/dacc/hhs/genome/microbiome/wgs/analysis/hmwgsqc/v1/SRS020868.tar.bz2
SRS020869	https://downloads.hmpdacc.org/dacc/hhs/genome/microbiome/wgs/analysis/hmwgsqc/v1/SRS020869.tar.bz2
SRS021473	https://downloads.hmpdacc.org/dacc/hhs/genome/microbiome/wgs/analysis/hmwgsqc/v1/SRS021473.tar.bz2
SRS021477	https://downloads.hmpdacc.org/dacc/hhs/genome/microbiome/wgs/analysis/hmwgsqc/v1/SRS021477.tar.bz2
SRS021483	https://downloads.hmpdacc.org/dacc/hhs/genome/microbiome/wgs/analysis/hmwgsqc/v1/SRS021483.tar.bz2
SRS021484	https://downloads.hmpdacc.org/dacc/hhs/genome/microbiome/wgs/analysis/hmwgsqc/v1/SRS021484.tar.bz2
SRS021496	https://downloads.hmpdacc.org/dacc/hhs/genome/microbiome/wgs/analysis/hmwgsqc/v1/SRS021496.tar.bz2
SRS021948	https://downloads.hmpdacc.org/dacc/hhs/genome/microbiome/wgs/analysis/hmwgsqc/v1/SRS021948.tar.bz2
SRS021954	https://downloads.hmpdacc.org/dacc/hhs/genome/microbiome/wgs/analysis/hmwgsqc/v1/SRS021954.tar.bz2
SRS021960	https://downloads.hmpdacc.org/dacc/hhs/genome/microbiome/wgs/analysis/hmwgsqc/v1/SRS021960.tar.bz2
SRS021969	https://downloads.hmpdacc.org/dacc/hhs/genome/microbiome/wgs/analysis/hmwgsqc/v1/SRS021969.tar.bz2
SRS021986	https://downloads.hmpdacc.org/dacc/hhs/genome/microbiome/wgs/analysis/hmwgsqc/v1/SRS021986.tar.bz2
SRS022006	https://downloads.hmpdacc.org/dacc/hhs/genome/microbiome/wgs/analysis/hmwgsqc/v1/SRS022006.tar.bz2
SRS022071	https://downloads.hmpdacc.org/dacc/hhs/genome/microbiome/wgs/analysis/hmwgsqc/v1/SRS022071.tar.bz2
SRS022077	https://downloads.hmpdacc.org/dacc/hhs/genome/microbiome/wgs/analysis/hmwgsqc/v1/SRS022077.tar.bz2
SRS022079	https://downloads.hmpdacc.org/dacc/hhs/genome/microbiome/wgs/analysis/hmwgsqc/v1/SRS022079.tar.bz2
SRS022083	https://downloads.hmpdacc.org/dacc/hhs/genome/microbiome/wgs/analysis/hmwgsqc/v1/SRS022083.tar.bz2
SRS022092	https://downloads.hmpdacc.org/dacc/hhs/genome/microbiome/wgs/analysis/hmwgsqc/v1/SRS022092.tar.bz2
SRS022129	https://downloads.hmpdacc.org/dacc/hhs/genome/microbiome/wgs/analysis/hmwgsqc/v1/SRS022129.tar.bz2
SRS022137	https://downloads.hmpdacc.org/dacc/hhs/genome/microbiome/wgs/analysis/hmwgsqc/v1/SRS022137.tar.bz2
SRS022143	https://downloads.hmpdacc.org/dacc/hhs/genome/microbiome/wgs/analysis/hmwgsqc/v1/SRS022143.tar.bz2
SRS022145	https://downloads.hmpdacc.org/dacc/hhs/genome/microbiome/wgs/analysis/hmwgsqc/v1/SRS022145.tar.bz2
SRS022149	https://downloads.hmpdacc.org/dacc/hhs/genome/microbiome/wgs/analysis/hmwgsqc/v1/SRS022149.tar.bz2
SRS022158	https://downloads.hmpdacc.org/dacc/hhs/genome/microbiome/wgs/analysis/hmwgsqc/v1/SRS022158.tar.bz2
SRS022524	https://downloads.hmpdacc.org/dacc/hhs/genome/microbiome/wgs/analysis/hmwgsqc/v1/SRS022524.tar.bz2
SRS022530	https://downloads.hmpdacc.org/dacc/hhs/genome/microbiome/wgs/analysis/hmwgsqc/v1/SRS022530.tar.bz2
SRS022532	https://downloads.hmpdacc.org/dacc/hhs/genome/microbiome/wgs/analysis/hmwgsqc/v1/SRS022532.tar.bz2
SRS022536	https://downloads.hmpdacc.org/dacc/hhs/genome/microbiome/wgs/analysis/hmwgsqc/v1/SRS022536.tar.bz2
SRS022545	https://downloads.hmpdacc.org/dacc/hhs/genome/microbiome/wgs/analysis/hmwgsqc/v1/SRS022545.tar.bz2
SRS022602	https://downloads.hmpdacc.org/dacc/hhs/genome/microbiome/wgs/analysis/hmwgsqc/v1/SRS022602.tar.bz2
SRS022609	https://downloads.hmpdacc.org/dacc/hhs/genome/microbiome/wgs/analysis/hmwgsqc/v1/SRS022609.tar.bz2
SRS022621	https://downloads.hmpdacc.org/dacc/hhs/genome/microbiome/wgs/analysis/hmwgsqc/v1/SRS022621.tar.bz2
SRS022625	https://downloads.hmpdacc.org/dacc/hhs/genome/microbiome/wgs/analysis/hmwgsqc/v1/SRS022625.tar.bz2
SRS022645	https://downloads.hmpdacc.org/dacc/hhs/genome/microbiome/wgs/analysis/hmwgsqc/v1/SRS022645.tar.bz2
SRS022713	https://downloads.hmpdacc.org/dacc/hhs/genome/microbiome/wgs/analysis/hmwgsqc/v1/SRS022713.tar.bz2
SRS022719	https://downloads.hmpdacc.org/dacc/hhs/genome/microbiome/wgs/analysis/hmwgsqc/v1/SRS022719.tar.bz2
SRS022721	https://downloads.hmpdacc.org/dacc/hhs/genome/microbiome/wgs/analysis/hmwgsqc/v1/SRS022721.tar.bz2
SRS022725	https://downloads.hmpdacc.org/dacc/hhs/genome/microbiome/wgs/analysis/hmwgsqc/v1/SRS022725.tar.bz2
SRS022734	https://downloads.hmpdacc.org/dacc/hhs/genome/microbiome/wgs/analysis/hmwgsqc/v1/SRS022734.tar.bz2
SRS023212	https://downloads.hmpdacc.org/dacc/hhs/genome/microbiome/wgs/analysis/hmwgsqc/v1/SRS023212.tar.bz2
SRS023346	https://downloads.hmpdacc.org/dacc/hhs/genome/microbiome/wgs/analysis/hmwgsqc/v1/SRS023346.tar.bz2
SRS023352	https://downloads.hmpdacc.org/dacc/hhs/genome/microbiome/wgs/analysis/hmwgsqc/v1/SRS023352.tar.bz2
SRS023354	https://downloads.hmpdacc.org/dacc/hhs/genome/microbiome/wgs/analysis/hmwgsqc/v1/SRS023354.tar.bz2
SRS023358	https://downloads.hmpdacc.org/dacc/hhs/genome/microbiome/wgs/analysis/hmwgsqc/v1/SRS023358.tar.bz2
SRS023468	https://downloads.hmpdacc.org/dacc/hhs/genome/microbiome/wgs/analysis/hmwgsqc/v1/SRS023468.tar.bz2
SRS023526	https://downloads.hmpdacc.org/dacc/hhs/genome/microbiome/wgs/analysis/hmwgsqc/v1/SRS023526.tar.bz2
SRS023534	https://downloads.hmpdacc.org/dacc/hhs/genome/microbiome/wgs/analysis/hmwgsqc/v1/SRS023534.tar.bz2
SRS023538	https://downloads.hmpdacc.org/dacc/hhs/genome/microbiome/wgs/analysis/hmwgsqc/v1/SRS023538.tar.bz2
SRS023557	https://downloads.hmpdacc.org/dacc/hhs/genome/microbiome/wgs/analysis/hmwgsqc/v1/SRS023557.tar.bz2
SRS023583	https://downloads.hmpdacc.org/dacc/hhs/genome/microbiome/wgs/analysis/hmwgsqc/v1/SRS023583.tar.bz2
SRS023591	https://downloads.hmpdacc.org/dacc/hhs/genome/microbiome/wgs/analysis/hmwgsqc/v1/SRS023591.tar.bz2
SRS023595	https://downloads.hmpdacc.org/dacc/hhs/genome/microbiome/wgs/analysis/hmwgsqc/v1/SRS023595.tar.bz2
SRS023604	https://downloads.hmpdacc.org/dacc/hhs/genome/microbiome/wgs/analysis/hmwgsqc/v1/SRS023604.tar.bz2
SRS023617	https://downloads.hmpdacc.org/dacc/hhs/genome/microbiome/wgs/analysis/hmwgsqc/v1/SRS023617.tar.bz2
SRS023829	https://downloads.hmpdacc.org/dacc/hhs/genome/microbiome/wgs/analysis/hmwgsqc/v1/SRS023829.tar.bz2
SRS023835	https://downloads.hmpdacc.org/dacc/hhs/genome/microbiome/wgs/analysis/hmwgsqc/v1/SRS023835.tar.bz2
SRS023837	https://downloads.hmpdacc.org/dacc/hhs/genome/microbiome/wgs/analysis/hmwgsqc/v1/SRS023837.tar.bz2
SRS023841	https://downloads.hmpdacc.org/dacc/hhs/genome/microbiome/wgs/analysis/hmwgsqc/v1/SRS023841.tar.bz2
SRS023847	https://downloads.hmpdacc.org/dacc/hhs/genome/microbiome/wgs/analysis/hmwgsqc/v1/SRS023847.tar.bz2
SRS023850	https://downloads.hmpdacc.org/dacc/hhs/genome/microbiome/wgs/analysis/hmwgsqc/v1/SRS023850.tar.bz2
SRS023914	https://downloads.hmpdacc.org/dacc/hhs/genome/microbiome/wgs/analysis/hmwgsqc/v1/SRS023914.tar.bz2
SRS023926	https://downloads.hmpdacc.org/dacc/hhs/genome/microbiome/wgs/analysis/hmwgsqc/v1/SRS023926.tar.bz2
SRS023930	https://downloads.hmpdacc.org/dacc/hhs/genome/microbiome/wgs/analysis/hmwgsqc/v1/SRS023930.tar.bz2
SRS023938	https://downloads.hmpdacc.org/dacc/hhs/genome/microbiome/wgs/analysis/hmwgsqc/v1/SRS023938.tar.bz2
SRS023958	https://downloads.hmpdacc.org/dacc/hhs/genome/microbiome/wgs/analysis/hmwgsqc/v1/SRS023958.tar.bz2
SRS023964	https://downloads.hmpdacc.org/dacc/hhs/genome/microbiome/wgs/analysis/hmwgsqc/v1/SRS023964.tar.bz2
SRS023970	https://downloads.hmpdacc.org/dacc/hhs/genome/microbiome/wgs/analysis/hmwgsqc/v1/SRS023970.tar.bz2
SRS023971	https://downloads.hmpdacc.org/dacc/hhs/genome/microbiome/wgs/analysis/hmwgsqc/v1/SRS023971.tar.bz2
SRS023987	https://downloads.hmpdacc.org/dacc/hhs/genome/microbiome/wgs/analysis/hmwgsqc/v1/SRS023987.tar.bz2
SRS024009	https://downloads.hmpdacc.org/dacc/hhs/genome/microbiome/wgs/analysis/hmwgsqc/v1/SRS024009.tar.bz2
SRS024015	https://downloads.hmpdacc.org/dacc/hhs/genome/microbiome/wgs/analysis/hmwgsqc/v1/SRS024015.tar.bz2
SRS024017	https://downloads.hmpdacc.org/dacc/hhs/genome/microbiome/wgs/analysis/hmwgsqc/v1/SRS024017.tar.bz2
SRS024021	https://downloads.hmpdacc.org/dacc/hhs/genome/microbiome/wgs/analysis/hmwgsqc/v1/SRS024021.tar.bz2
SRS024064	https://downloads.hmpdacc.org/dacc/hhs/genome/microbiome/wgs/analysis/hmwgsqc/v1/SRS024064.tar.bz2
SRS024068	https://downloads.hmpdacc.org/dacc/hhs/genome/microbiome/wgs/analysis/hmwgsqc/v1/SRS024068.tar.bz2
SRS024075	https://downloads.hmpdacc.org/dacc/hhs/genome/microbiome/wgs/analysis/hmwgsqc/v1/SRS024075.tar.bz2
SRS024081	https://downloads.hmpdacc.org/dacc/hhs/genome/microbiome/wgs/analysis/hmwgsqc/v1/SRS024081.tar.bz2
SRS024087	https://downloads.hmpdacc.org/dacc/hhs/genome/microbiome/wgs/analysis/hmwgsqc/v1/SRS024087.tar.bz2
SRS024132	https://downloads.hmpdacc.org/dacc/hhs/genome/microbiome/wgs/analysis/hmwgsqc/v1/SRS024132.tar.bz2
SRS024138	https://downloads.hmpdacc.org/dacc/hhs/genome/microbiome/wgs/analysis/hmwgsqc/v1/SRS024138.tar.bz2
SRS024140	https://downloads.hmpdacc.org/dacc/hhs/genome/microbiome/wgs/analysis/hmwgsqc/v1/SRS024140.tar.bz2
SRS024144	https://downloads.hmpdacc.org/dacc/hhs/genome/microbiome/wgs/analysis/hmwgsqc/v1/SRS024144.tar.bz2
SRS024265	https://downloads.hmpdacc.org/dacc/hhs/genome/microbiome/wgs/analysis/hmwgsqc/v1/SRS024265.tar.bz2
SRS024277	https://downloads.hmpdacc.org/dacc/hhs/genome/microbiome/wgs/analysis/hmwgsqc/v1/SRS024277.tar.bz2
SRS024281	https://downloads.hmpdacc.org/dacc/hhs/genome/microbiome/wgs/analysis/hmwgsqc/v1/SRS024281.tar.bz2
SRS024289	https://downloads.hmpdacc.org/dacc/hhs/genome/microbiome/wgs/analysis/hmwgsqc/v1/SRS024289.tar.bz2
SRS024301	https://downloads.hmpdacc.org/dacc/hhs/genome/microbiome/wgs/analysis/hmwgsqc/v1/SRS024301.tar.bz2
SRS024310	https://downloads.hmpdacc.org/dacc/hhs/genome/microbiome/wgs/analysis/hmwgsqc/v1/SRS024310.tar.bz2
SRS024318	https://downloads.hmpdacc.org/dacc/hhs/genome/microbiome/wgs/analysis/hmwgsqc/v1/SRS024318.tar.bz2
SRS024331	https://downloads.hmpdacc.org/dacc/hhs/genome/microbiome/wgs/analysis/hmwgsqc/v1/SRS024331.tar.bz2
SRS024347	https://downloads.hmpdacc.org/dacc/hhs/genome/microbiome/wgs/analysis/hmwgsqc/v1/SRS024347.tar.bz2
SRS024355	https://downloads.hmpdacc.org/dacc/hhs/genome/microbiome/wgs/analysis/hmwgsqc/v1/SRS024355.tar.bz2
SRS024375	https://downloads.hmpdacc.org/dacc/hhs/genome/microbiome/wgs/analysis/hmwgsqc/v1/SRS024375.tar.bz2
SRS024377	https://downloads.hmpdacc.org/dacc/hhs/genome/microbiome/wgs/analysis/hmwgsqc/v1/SRS024377.tar.bz2
SRS024381	https://downloads.hmpdacc.org/dacc/hhs/genome/microbiome/wgs/analysis/hmwgsqc/v1/SRS024381.tar.bz2
SRS024388	https://downloads.hmpdacc.org/dacc/hhs/genome/microbiome/wgs/analysis/hmwgsqc/v1/SRS024388.tar.bz2
SRS024424	https://downloads.hmpdacc.org/dacc/hhs/genome/microbiome/wgs/analysis/hmwgsqc/v1/SRS024424.tar.bz2
SRS024428	https://downloads.hmpdacc.org/dacc/hhs/genome/microbiome/wgs/analysis/hmwgsqc/v1/SRS024428.tar.bz2
SRS024435	https://downloads.hmpdacc.org/dacc/hhs/genome/microbiome/wgs/analysis/hmwgsqc/v1/SRS024435.tar.bz2
SRS024441	https://downloads.hmpdacc.org/dacc/hhs/genome/microbiome/wgs/analysis/hmwgsqc/v1/SRS024441.tar.bz2
SRS024447	https://downloads.hmpdacc.org/dacc/hhs/genome/microbiome/wgs/analysis/hmwgsqc/v1/SRS024447.tar.bz2
SRS024470	https://downloads.hmpdacc.org/dacc/hhs/genome/microbiome/wgs/analysis/hmwgsqc/v1/SRS024470.tar.bz2
SRS024482	https://downloads.hmpdacc.org/dacc/hhs/genome/microbiome/wgs/analysis/hmwgsqc/v1/SRS024482.tar.bz2
SRS024549	https://downloads.hmpdacc.org/dacc/hhs/genome/microbiome/wgs/analysis/hmwgsqc/v1/SRS024549.tar.bz2
SRS024557	https://downloads.hmpdacc.org/dacc/hhs/genome/microbiome/wgs/analysis/hmwgsqc/v1/SRS024557.tar.bz2
SRS024561	https://downloads.hmpdacc.org/dacc/hhs/genome/microbiome/wgs/analysis/hmwgsqc/v1/SRS024561.tar.bz2
SRS024567	https://downloads.hmpdacc.org/dacc/hhs/genome/microbiome/wgs/analysis/hmwgsqc/v1/SRS024567.tar.bz2
SRS024580	https://downloads.hmpdacc.org/dacc/hhs/genome/microbiome/wgs/analysis/hmwgsqc/v1/SRS024580.tar.bz2
SRS024596	https://downloads.hmpdacc.org/dacc/hhs/genome/microbiome/wgs/analysis/hmwgsqc/v1/SRS024596.tar.bz2
SRS024598	https://downloads.hmpdacc.org/dacc/hhs/genome/microbiome/wgs/analysis/hmwgsqc/v1/SRS024598.tar.bz2
SRS024620	https://downloads.hmpdacc.org/dacc/hhs/genome/microbiome/wgs/analysis/hmwgsqc/v1/SRS024620.tar.bz2
SRS024625	https://downloads.hmpdacc.org/dacc/hhs/genome/microbiome/wgs/analysis/hmwgsqc/v1/SRS024625.tar.bz2
SRS024637	https://downloads.hmpdacc.org/dacc/hhs/genome/microbiome/wgs/analysis/hmwgsqc/v1/SRS024637.tar.bz2
SRS024641	https://downloads.hmpdacc.org/dacc/hhs/genome/microbiome/wgs/analysis/hmwgsqc/v1/SRS024641.tar.bz2
SRS024649	https://downloads.hmpdacc.org/dacc/hhs/genome/microbiome/wgs/analysis/hmwgsqc/v1/SRS024649.tar.bz2
SRS024655	https://downloads.hmpdacc.org/dacc/hhs/genome/microbiome/wgs/analysis/hmwgsqc/v1/SRS024655.tar.bz2
SRS042131	https://downloads.hmpdacc.org/dacc/hhs/genome/microbiome/wgs/analysis/hmwgsqc/v1/SRS042131.tar.bz2
SRS042284	https://downloads.hmpdacc.org/dacc/hhs/genome/microbiome/wgs/analysis/hmwgsqc/v1/SRS042284.tar.bz2
SRS042428	https://downloads.hmpdacc.org/dacc/hhs/genome/microbiome/wgs/analysis/hmwgsqc/v1/SRS042428.tar.bz2
SRS042457	https://downloads.hmpdacc.org/dacc/hhs/genome/microbiome/wgs/analysis/hmwgsqc/v1/SRS042457.tar.bz2
SRS042628	https://downloads.hmpdacc.org/dacc/hhs/genome/microbiome/wgs/analysis/hmwgsqc/v1/SRS042628.tar.bz2
SRS042643	https://downloads.hmpdacc.org/dacc/hhs/genome/microbiome/wgs/analysis/hmwgsqc/v1/SRS042643.tar.bz2
SRS042858	https://downloads.hmpdacc.org/dacc/hhs/genome/microbiome/wgs/analysis/hmwgsqc/v1/SRS042858.tar.bz2
SRS042910	https://downloads.hmpdacc.org/dacc/hhs/genome/microbiome/wgs/analysis/hmwgsqc/v1/SRS042910.tar.bz2
SRS042984	https://downloads.hmpdacc.org/dacc/hhs/genome/microbiome/wgs/analysis/hmwgsqc/v1/SRS042984.tar.bz2
SRS043001	https://downloads.hmpdacc.org/dacc/hhs/genome/microbiome/wgs/analysis/hmwgsqc/v1/SRS043001.tar.bz2
SRS043018	https://downloads.hmpdacc.org/dacc/hhs/genome/microbiome/wgs/analysis/hmwgsqc/v1/SRS043018.tar.bz2
SRS043239	https://downloads.hmpdacc.org/dacc/hhs/genome/microbiome/wgs/analysis/hmwgsqc/v1/SRS043239.tar.bz2
SRS043411	https://downloads.hmpdacc.org/dacc/hhs/genome/microbiome/wgs/analysis/hmwgsqc/v1/SRS043411.tar.bz2
SRS043646	https://downloads.hmpdacc.org/dacc/hhs/genome/microbiome/wgs/analysis/hmwgsqc/v1/SRS043646.tar.bz2
SRS043663	https://downloads.hmpdacc.org/dacc/hhs/genome/microbiome/wgs/analysis/hmwgsqc/v1/SRS043663.tar.bz2
SRS043676	https://downloads.hmpdacc.org/dacc/hhs/genome/microbiome/wgs/analysis/hmwgsqc/v1/SRS043676.tar.bz2
SRS043701	https://downloads.hmpdacc.org/dacc/hhs/genome/microbiome/wgs/analysis/hmwgsqc/v1/SRS043701.tar.bz2
SRS043755	https://downloads.hmpdacc.org/dacc/hhs/genome/microbiome/wgs/analysis/hmwgsqc/v1/SRS043755.tar.bz2
SRS043772	https://downloads.hmpdacc.org/dacc/hhs/genome/microbiome/wgs/analysis/hmwgsqc/v1/SRS043772.tar.bz2
SRS043803	https://downloads.hmpdacc.org/dacc/hhs/genome/microbiome/wgs/analysis/hmwgsqc/v1/SRS043803.tar.bz2
SRS044366	https://downloads.hmpdacc.org/dacc/hhs/genome/microbiome/wgs/analysis/hmwgsqc/v1/SRS044366.tar.bz2
SRS044373	https://downloads.hmpdacc.org/dacc/hhs/genome/microbiome/wgs/analysis/hmwgsqc/v1/SRS044373.tar.bz2
SRS044474	https://downloads.hmpdacc.org/dacc/hhs/genome/microbiome/wgs/analysis/hmwgsqc/v1/SRS044474.tar.bz2
SRS044486	https://downloads.hmpdacc.org/dacc/hhs/genome/microbiome/wgs/analysis/hmwgsqc/v1/SRS044486.tar.bz2
SRS044626	https://downloads.hmpdacc.org/dacc/hhs/genome/microbiome/wgs/analysis/hmwgsqc/v1/SRS044626.tar.bz2
SRS044662	https://downloads.hmpdacc.org/dacc/hhs/genome/microbiome/wgs/analysis/hmwgsqc/v1/SRS044662.tar.bz2
SRS044742	https://downloads.hmpdacc.org/dacc/hhs/genome/microbiome/wgs/analysis/hmwgsqc/v1/SRS044742.tar.bz2
SRS045004	https://downloads.hmpdacc.org/dacc/hhs/genome/microbiome/wgs/analysis/hmwgsqc/v1/SRS045004.tar.bz2
SRS045049	https://downloads.hmpdacc.org/dacc/hhs/genome/microbiome/wgs/analysis/hmwgsqc/v1/SRS045049.tar.bz2
SRS045127	https://downloads.hmpdacc.org/dacc/hhs/genome/microbiome/wgs/analysis/hmwgsqc/v1/SRS045127.tar.bz2
SRS045197	https://downloads.hmpdacc.org/dacc/hhs/genome/microbiome/wgs/analysis/hmwgsqc/v1/SRS045197.tar.bz2
SRS045254	https://downloads.hmpdacc.org/dacc/hhs/genome/microbiome/wgs/analysis/hmwgsqc/v1/SRS045254.tar.bz2
SRS045262	https://downloads.hmpdacc.org/dacc/hhs/genome/microbiome/wgs/analysis/hmwgsqc/v1/SRS045262.tar.bz2
SRS045313	https://downloads.hmpdacc.org/dacc/hhs/genome/microbiome/wgs/analysis/hmwgsqc/v1/SRS045313.tar.bz2
SRS045606	https://downloads.hmpdacc.org/dacc/hhs/genome/microbiome/wgs/analysis/hmwgsqc/v1/SRS045606.tar.bz2
SRS045645	https://downloads.hmpdacc.org/dacc/hhs/genome/microbiome/wgs/analysis/hmwgsqc/v1/SRS045645.tar.bz2
SRS045713	https://downloads.hmpdacc.org/dacc/hhs/genome/microbiome/wgs/analysis/hmwgsqc/v1/SRS045713.tar.bz2
SRS045715	https://downloads.hmpdacc.org/dacc/hhs/genome/microbiome/wgs/analysis/hmwgsqc/v1/SRS045715.tar.bz2
SRS045978	https://downloads.hmpdacc.org/dacc/hhs/genome/microbiome/wgs/analysis/hmwgsqc/v1/SRS045978.tar.bz2
SRS046344	https://downloads.hmpdacc.org/dacc/hhs/genome/microbiome/wgs/analysis/hmwgsqc/v1/SRS046344.tar.bz2
SRS046623	https://downloads.hmpdacc.org/dacc/hhs/genome/microbiome/wgs/analysis/hmwgsqc/v1/SRS046623.tar.bz2
SRS046686	https://downloads.hmpdacc.org/dacc/hhs/genome/microbiome/wgs/analysis/hmwgsqc/v1/SRS046686.tar.bz2
SRS046688	https://downloads.hmpdacc.org/dacc/hhs/genome/microbiome/wgs/analysis/hmwgsqc/v1/SRS046688.tar.bz2
SRS046973	https://downloads.hmpdacc.org/dacc/hhs/genome/microbiome/wgs/analysis/hmwgsqc/v1/SRS046973.tar.bz2
SRS047014	https://downloads.hmpdacc.org/dacc/hhs/genome/microbiome/wgs/analysis/hmwgsqc/v1/SRS047014.tar.bz2
SRS047044	https://downloads.hmpdacc.org/dacc/hhs/genome/microbiome/wgs/analysis/hmwgsqc/v1/SRS047044.tar.bz2
SRS047100	https://downloads.hmpdacc.org/dacc/hhs/genome/microbiome/wgs/analysis/hmwgsqc/v1/SRS047100.tar.bz2
SRS047113	https://downloads.hmpdacc.org/dacc/hhs/genome/microbiome/wgs/analysis/hmwgsqc/v1/SRS047113.tar.bz2
SRS047210	https://downloads.hmpdacc.org/dacc/hhs/genome/microbiome/wgs/analysis/hmwgsqc/v1/SRS047210.tar.bz2
SRS047219	https://downloads.hmpdacc.org/dacc/hhs/genome/microbiome/wgs/analysis/hmwgsqc/v1/SRS047219.tar.bz2
SRS047225	https://downloads.hmpdacc.org/dacc/hhs/genome/microbiome/wgs/analysis/hmwgsqc/v1/SRS047225.tar.bz2
SRS047254	https://downloads.hmpdacc.org/dacc/hhs/genome/microbiome/wgs/analysis/hmwgsqc/v1/SRS047254.tar.bz2
SRS047265	https://downloads.hmpdacc.org/dacc/hhs/genome/microbiome/wgs/analysis/hmwgsqc/v1/SRS047265.tar.bz2
SRS047335	https://downloads.hmpdacc.org/dacc/hhs/genome/microbiome/wgs/analysis/hmwgsqc/v1/SRS047335.tar.bz2
SRS047634	https://downloads.hmpdacc.org/dacc/hhs/genome/microbiome/wgs/analysis/hmwgsqc/v1/SRS047634.tar.bz2
SRS047824	https://downloads.hmpdacc.org/dacc/hhs/genome/microbiome/wgs/analysis/hmwgsqc/v1/SRS047824.tar.bz2
SRS047844	https://downloads.hmpdacc.org/dacc/hhs/genome/microbiome/wgs/analysis/hmwgsqc/v1/SRS047844.tar.bz2
SRS048164	https://downloads.hmpdacc.org/dacc/hhs/genome/microbiome/wgs/analysis/hmwgsqc/v1/SRS048164.tar.bz2
SRS048411	https://downloads.hmpdacc.org/dacc/hhs/genome/microbiome/wgs/analysis/hmwgsqc/v1/SRS048411.tar.bz2
SRS048719	https://downloads.hmpdacc.org/dacc/hhs/genome/microbiome/wgs/analysis/hmwgsqc/v1/SRS048719.tar.bz2
SRS048791	https://downloads.hmpdacc.org/dacc/hhs/genome/microbiome/wgs/analysis/hmwgsqc/v1/SRS048791.tar.bz2
SRS048870	https://downloads.hmpdacc.org/dacc/hhs/genome/microbiome/wgs/analysis/hmwgsqc/v1/SRS048870.tar.bz2
SRS049147	https://downloads.hmpdacc.org/dacc/hhs/genome/microbiome/wgs/analysis/hmwgsqc/v1/SRS049147.tar.bz2
SRS049164	https://downloads.hmpdacc.org/dacc/hhs/genome/microbiome/wgs/analysis/hmwgsqc/v1/SRS049164.tar.bz2
SRS049237	https://downloads.hmpdacc.org/dacc/hhs/genome/microbiome/wgs/analysis/hmwgsqc/v1/SRS049237.tar.bz2
SRS049268	https://downloads.hmpdacc.org/dacc/hhs/genome/microbiome/wgs/analysis/hmwgsqc/v1/SRS049268.tar.bz2
SRS049283	https://downloads.hmpdacc.org/dacc/hhs/genome/microbiome/wgs/analysis/hmwgsqc/v1/SRS049283.tar.bz2
SRS049318	https://downloads.hmpdacc.org/dacc/hhs/genome/microbiome/wgs/analysis/hmwgsqc/v1/SRS049318.tar.bz2
SRS049389	https://downloads.hmpdacc.org/dacc/hhs/genome/microbiome/wgs/analysis/hmwgsqc/v1/SRS049389.tar.bz2
SRS049712	https://downloads.hmpdacc.org/dacc/hhs/genome/microbiome/wgs/analysis/hmwgsqc/v1/SRS049712.tar.bz2
SRS049744	https://downloads.hmpdacc.org/dacc/hhs/genome/microbiome/wgs/analysis/hmwgsqc/v1/SRS049744.tar.bz2
SRS049900	https://downloads.hmpdacc.org/dacc/hhs/genome/microbiome/wgs/analysis/hmwgsqc/v1/SRS049900.tar.bz2
SRS049959	https://downloads.hmpdacc.org/dacc/hhs/genome/microbiome/wgs/analysis/hmwgsqc/v1/SRS049959.tar.bz2
SRS049995	https://downloads.hmpdacc.org/dacc/hhs/genome/microbiome/wgs/analysis/hmwgsqc/v1/SRS049995.tar.bz2
SRS050007	https://downloads.hmpdacc.org/dacc/hhs/genome/microbiome/wgs/analysis/hmwgsqc/v1/SRS050007.tar.bz2
SRS050025	https://downloads.hmpdacc.org/dacc/hhs/genome/microbiome/wgs/analysis/hmwgsqc/v1/SRS050025.tar.bz2
SRS050029	https://downloads.hmpdacc.org/dacc/hhs/genome/microbiome/wgs/analysis/hmwgsqc/v1/SRS050029.tar.bz2
SRS050184	https://downloads.hmpdacc.org/dacc/hhs/genome/microbiome/wgs/analysis/hmwgsqc/v1/SRS050184.tar.bz2
SRS050244	https://downloads.hmpdacc.org/dacc/hhs/genome/microbiome/wgs/analysis/hmwgsqc/v1/SRS050244.tar.bz2
SRS050299	https://downloads.hmpdacc.org/dacc/hhs/genome/microbiome/wgs/analysis/hmwgsqc/v1/SRS050299.tar.bz2
SRS050422	https://downloads.hmpdacc.org/dacc/hhs/genome/microbiome/wgs/analysis/hmwgsqc/v1/SRS050422.tar.bz2
SRS050484	https://downloads.hmpdacc.org/dacc/hhs/genome/microbiome/wgs/analysis/hmwgsqc/v1/SRS050484.tar.bz2
SRS050628	https://downloads.hmpdacc.org/dacc/hhs/genome/microbiome/wgs/analysis/hmwgsqc/v1/SRS050628.tar.bz2
SRS050669	https://downloads.hmpdacc.org/dacc/hhs/genome/microbiome/wgs/analysis/hmwgsqc/v1/SRS050669.tar.bz2
SRS050752	https://downloads.hmpdacc.org/dacc/hhs/genome/microbiome/wgs/analysis/hmwgsqc/v1/SRS050752.tar.bz2
SRS050925	https://downloads.hmpdacc.org/dacc/hhs/genome/microbiome/wgs/analysis/hmwgsqc/v1/SRS050925.tar.bz2
SRS051031	https://downloads.hmpdacc.org/dacc/hhs/genome/microbiome/wgs/analysis/hmwgsqc/v1/SRS051031.tar.bz2
SRS051116	https://downloads.hmpdacc.org/dacc/hhs/genome/microbiome/wgs/analysis/hmwgsqc/v1/SRS051116.tar.bz2
SRS051244	https://downloads.hmpdacc.org/dacc/hhs/genome/microbiome/wgs/analysis/hmwgsqc/v1/SRS051244.tar.bz2
SRS051378	https://downloads.hmpdacc.org/dacc/hhs/genome/microbiome/wgs/analysis/hmwgsqc/v1/SRS051378.tar.bz2
SRS051505	https://downloads.hmpdacc.org/dacc/hhs/genome/microbiome/wgs/analysis/hmwgsqc/v1/SRS051505.tar.bz2
SRS051600	https://downloads.hmpdacc.org/dacc/hhs/genome/microbiome/wgs/analysis/hmwgsqc/v1/SRS051600.tar.bz2
SRS051613	https://downloads.hmpdacc.org/dacc/hhs/genome/microbiome/wgs/analysis/hmwgsqc/v1/SRS051613.tar.bz2
SRS051791	https://downloads.hmpdacc.org/dacc/hhs/genome/microbiome/wgs/analysis/hmwgsqc/v1/SRS051791.tar.bz2
SRS051882	https://downloads.hmpdacc.org/dacc/hhs/genome/microbiome/wgs/analysis/hmwgsqc/v1/SRS051882.tar.bz2
SRS051930	https://downloads.hmpdacc.org/dacc/hhs/genome/microbiome/wgs/analysis/hmwgsqc/v1/SRS051930.tar.bz2
SRS051941	https://downloads.hmpdacc.org/dacc/hhs/genome/microbiome/wgs/analysis/hmwgsqc/v1/SRS051941.tar.bz2
SRS052027	https://downloads.hmpdacc.org/dacc/hhs/genome/microbiome/wgs/analysis/hmwgsqc/v1/SRS052027.tar.bz2
SRS052227	https://downloads.hmpdacc.org/dacc/hhs/genome/microbiome/wgs/analysis/hmwgsqc/v1/SRS052227.tar.bz2
SRS052330	https://downloads.hmpdacc.org/dacc/hhs/genome/microbiome/wgs/analysis/hmwgsqc/v1/SRS052330.tar.bz2
SRS052590	https://downloads.hmpdacc.org/dacc/hhs/genome/microbiome/wgs/analysis/hmwgsqc/v1/SRS052590.tar.bz2
SRS052604	https://downloads.hmpdacc.org/dacc/hhs/genome/microbiome/wgs/analysis/hmwgsqc/v1/SRS052604.tar.bz2
SRS052620	https://downloads.hmpdacc.org/dacc/hhs/genome/microbiome/wgs/analysis/hmwgsqc/v1/SRS052620.tar.bz2
SRS052668	https://downloads.hmpdacc.org/dacc/hhs/genome/microbiome/wgs/analysis/hmwgsqc/v1/SRS052668.tar.bz2
SRS052697	https://downloads.hmpdacc.org/dacc/hhs/genome/microbiome/wgs/analysis/hmwgsqc/v1/SRS052697.tar.bz2
SRS052756	https://downloads.hmpdacc.org/dacc/hhs/genome/microbiome/wgs/analysis/hmwgsqc/v1/SRS052756.tar.bz2
SRS052874	https://downloads.hmpdacc.org/dacc/hhs/genome/microbiome/wgs/analysis/hmwgsqc/v1/SRS052874.tar.bz2
SRS052876	https://downloads.hmpdacc.org/dacc/hhs/genome/microbiome/wgs/analysis/hmwgsqc/v1/SRS052876.tar.bz2
SRS052988	https://downloads.hmpdacc.org/dacc/hhs/genome/microbiome/wgs/analysis/hmwgsqc/v1/SRS052988.tar.bz2
SRS053214	https://downloads.hmpdacc.org/dacc/hhs/genome/microbiome/wgs/analysis/hmwgsqc/v1/SRS053214.tar.bz2
SRS053335	https://downloads.hmpdacc.org/dacc/hhs/genome/microbiome/wgs/analysis/hmwgsqc/v1/SRS053335.tar.bz2
SRS053398	https://downloads.hmpdacc.org/dacc/hhs/genome/microbiome/wgs/analysis/hmwgsqc/v1/SRS053398.tar.bz2
SRS053437	https://downloads.hmpdacc.org/dacc/hhs/genome/microbiome/wgs/analysis/hmwgsqc/v1/SRS053437.tar.bz2
SRS053584	https://downloads.hmpdacc.org/dacc/hhs/genome/microbiome/wgs/analysis/hmwgsqc/v1/SRS053584.tar.bz2
SRS053603	https://downloads.hmpdacc.org/dacc/hhs/genome/microbiome/wgs/analysis/hmwgsqc/v1/SRS053603.tar.bz2
SRS053630	https://downloads.hmpdacc.org/dacc/hhs/genome/microbiome/wgs/analysis/hmwgsqc/v1/SRS053630.tar.bz2
SRS053854	https://downloads.hmpdacc.org/dacc/hhs/genome/microbiome/wgs/analysis/hmwgsqc/v1/SRS053854.tar.bz2
SRS053917	https://downloads.hmpdacc.org/dacc/hhs/genome/microbiome/wgs/analysis/hmwgsqc/v1/SRS053917.tar.bz2
SRS054061	https://downloads.hmpdacc.org/dacc/hhs/genome/microbiome/wgs/analysis/hmwgsqc/v1/SRS054061.tar.bz2
SRS054430	https://downloads.hmpdacc.org/dacc/hhs/genome/microbiome/wgs/analysis/hmwgsqc/v1/SRS054430.tar.bz2
SRS054569	https://downloads.hmpdacc.org/dacc/hhs/genome/microbiome/wgs/analysis/hmwgsqc/v1/SRS054569.tar.bz2
SRS054590	https://downloads.hmpdacc.org/dacc/hhs/genome/microbiome/wgs/analysis/hmwgsqc/v1/SRS054590.tar.bz2
SRS054653	https://downloads.hmpdacc.org/dacc/hhs/genome/microbiome/wgs/analysis/hmwgsqc/v1/SRS054653.tar.bz2
SRS054687	https://downloads.hmpdacc.org/dacc/hhs/genome/microbiome/wgs/analysis/hmwgsqc/v1/SRS054687.tar.bz2
SRS054776	https://downloads.hmpdacc.org/dacc/hhs/genome/microbiome/wgs/analysis/hmwgsqc/v1/SRS054776.tar.bz2
SRS054956	https://downloads.hmpdacc.org/dacc/hhs/genome/microbiome/wgs/analysis/hmwgsqc/v1/SRS054956.tar.bz2
SRS054962	https://downloads.hmpdacc.org/dacc/hhs/genome/microbiome/wgs/analysis/hmwgsqc/v1/SRS054962.tar.bz2
SRS055118	https://downloads.hmpdacc.org/dacc/hhs/genome/microbiome/wgs/analysis/hmwgsqc/v1/SRS055118.tar.bz2
SRS055298	https://downloads.hmpdacc.org/dacc/hhs/genome/microbiome/wgs/analysis/hmwgsqc/v1/SRS055298.tar.bz2
SRS055378	https://downloads.hmpdacc.org/dacc/hhs/genome/microbiome/wgs/analysis/hmwgsqc/v1/SRS055378.tar.bz2
SRS055401	https://downloads.hmpdacc.org/dacc/hhs/genome/microbiome/wgs/analysis/hmwgsqc/v1/SRS055401.tar.bz2
SRS055426	https://downloads.hmpdacc.org/dacc/hhs/genome/microbiome/wgs/analysis/hmwgsqc/v1/SRS055426.tar.bz2
SRS055450	https://downloads.hmpdacc.org/dacc/hhs/genome/microbiome/wgs/analysis/hmwgsqc/v1/SRS055450.tar.bz2
SRS055495	https://downloads.hmpdacc.org/dacc/hhs/genome/microbiome/wgs/analysis/hmwgsqc/v1/SRS055495.tar.bz2
SRS055982	https://downloads.hmpdacc.org/dacc/hhs/genome/microbiome/wgs/analysis/hmwgsqc/v1/SRS055982.tar.bz2
SRS056157	https://downloads.hmpdacc.org/dacc/hhs/genome/microbiome/wgs/analysis/hmwgsqc/v1/SRS056157.tar.bz2
SRS056210	https://downloads.hmpdacc.org/dacc/hhs/genome/microbiome/wgs/analysis/hmwgsqc/v1/SRS056210.tar.bz2
SRS056259	https://downloads.hmpdacc.org/dacc/hhs/genome/microbiome/wgs/analysis/hmwgsqc/v1/SRS056259.tar.bz2
SRS056323	https://downloads.hmpdacc.org/dacc/hhs/genome/microbiome/wgs/analysis/hmwgsqc/v1/SRS056323.tar.bz2
SRS056519	https://downloads.hmpdacc.org/dacc/hhs/genome/microbiome/wgs/analysis/hmwgsqc/v1/SRS056519.tar.bz2
SRS056622	https://downloads.hmpdacc.org/dacc/hhs/genome/microbiome/wgs/analysis/hmwgsqc/v1/SRS056622.tar.bz2
SRS056695	https://downloads.hmpdacc.org/dacc/hhs/genome/microbiome/wgs/analysis/hmwgsqc/v1/SRS056695.tar.bz2
SRS056796	https://downloads.hmpdacc.org/dacc/hhs/genome/microbiome/wgs/analysis/hmwgsqc/v1/SRS056796.tar.bz2
SRS056892	https://downloads.hmpdacc.org/dacc/hhs/genome/microbiome/wgs/analysis/hmwgsqc/v1/SRS056892.tar.bz2
SRS057022	https://downloads.hmpdacc.org/dacc/hhs/genome/microbiome/wgs/analysis/hmwgsqc/v1/SRS057022.tar.bz2
SRS057083	https://downloads.hmpdacc.org/dacc/hhs/genome/microbiome/wgs/analysis/hmwgsqc/v1/SRS057083.tar.bz2
SRS057205	https://downloads.hmpdacc.org/dacc/hhs/genome/microbiome/wgs/analysis/hmwgsqc/v1/SRS057205.tar.bz2
SRS057355	https://downloads.hmpdacc.org/dacc/hhs/genome/microbiome/wgs/analysis/hmwgsqc/v1/SRS057355.tar.bz2
SRS057478	https://downloads.hmpdacc.org/dacc/hhs/genome/microbiome/wgs/analysis/hmwgsqc/v1/SRS057478.tar.bz2
SRS057539	https://downloads.hmpdacc.org/dacc/hhs/genome/microbiome/wgs/analysis/hmwgsqc/v1/SRS057539.tar.bz2
SRS057692	https://downloads.hmpdacc.org/dacc/hhs/genome/microbiome/wgs/analysis/hmwgsqc/v1/SRS057692.tar.bz2
SRS057717	https://downloads.hmpdacc.org/dacc/hhs/genome/microbiome/wgs/analysis/hmwgsqc/v1/SRS057717.tar.bz2
SRS057791	https://downloads.hmpdacc.org/dacc/hhs/genome/microbiome/wgs/analysis/hmwgsqc/v1/SRS057791.tar.bz2
SRS057807	https://downloads.hmpdacc.org/dacc/hhs/genome/microbiome/wgs/analysis/hmwgsqc/v1/SRS057807.tar.bz2
SRS058053	https://downloads.hmpdacc.org/dacc/hhs/genome/microbiome/wgs/analysis/hmwgsqc/v1/SRS058053.tar.bz2
SRS058105	https://downloads.hmpdacc.org/dacc/hhs/genome/microbiome/wgs/analysis/hmwgsqc/v1/SRS058105.tar.bz2
SRS058182	https://downloads.hmpdacc.org/dacc/hhs/genome/microbiome/wgs/analysis/hmwgsqc/v1/SRS058182.tar.bz2
SRS058186	https://downloads.hmpdacc.org/dacc/hhs/genome/microbiome/wgs/analysis/hmwgsqc/v1/SRS058186.tar.bz2
SRS058213	https://downloads.hmpdacc.org/dacc/hhs/genome/microbiome/wgs/analysis/hmwgsqc/v1/SRS058213.tar.bz2
SRS058221	https://downloads.hmpdacc.org/dacc/hhs/genome/microbiome/wgs/analysis/hmwgsqc/v1/SRS058221.tar.bz2
SRS058336	https://downloads.hmpdacc.org/dacc/hhs/genome/microbiome/wgs/analysis/hmwgsqc/v1/SRS058336.tar.bz2
SRS058723	https://downloads.hmpdacc.org/dacc/hhs/genome/microbiome/wgs/analysis/hmwgsqc/v1/SRS058723.tar.bz2
SRS058770	https://downloads.hmpdacc.org/dacc/hhs/genome/microbiome/wgs/analysis/hmwgsqc/v1/SRS058770.tar.bz2
SRS058808	https://downloads.hmpdacc.org/dacc/hhs/genome/microbiome/wgs/analysis/hmwgsqc/v1/SRS058808.tar.bz2
SRS062427	https://downloads.hmpdacc.org/dacc/hhs/genome/microbiome/wgs/analysis/hmwgsqc/v1/SRS062427.tar.bz2
SRS062520	https://downloads.hmpdacc.org/dacc/hhs/genome/microbiome/wgs/analysis/hmwgsqc/v1/SRS062520.tar.bz2
SRS062540	https://downloads.hmpdacc.org/dacc/hhs/genome/microbiome/wgs/analysis/hmwgsqc/v1/SRS062540.tar.bz2
SRS062544	https://downloads.hmpdacc.org/dacc/hhs/genome/microbiome/wgs/analysis/hmwgsqc/v1/SRS062544.tar.bz2
SRS062713	https://downloads.hmpdacc.org/dacc/hhs/genome/microbiome/wgs/analysis/hmwgsqc/v1/SRS062713.tar.bz2
SRS062752	https://downloads.hmpdacc.org/dacc/hhs/genome/microbiome/wgs/analysis/hmwgsqc/v1/SRS062752.tar.bz2
SRS062761	https://downloads.hmpdacc.org/dacc/hhs/genome/microbiome/wgs/analysis/hmwgsqc/v1/SRS062761.tar.bz2
SRS062878	https://downloads.hmpdacc.org/dacc/hhs/genome/microbiome/wgs/analysis/hmwgsqc/v1/SRS062878.tar.bz2
SRS063035	https://downloads.hmpdacc.org/dacc/hhs/genome/microbiome/wgs/analysis/hmwgsqc/v1/SRS063035.tar.bz2
SRS063040	https://downloads.hmpdacc.org/dacc/hhs/genome/microbiome/wgs/analysis/hmwgsqc/v1/SRS063040.tar.bz2
SRS063178	https://downloads.hmpdacc.org/dacc/hhs/genome/microbiome/wgs/analysis/hmwgsqc/v1/SRS063178.tar.bz2
SRS063193	https://downloads.hmpdacc.org/dacc/hhs/genome/microbiome/wgs/analysis/hmwgsqc/v1/SRS063193.tar.bz2
SRS063215	https://downloads.hmpdacc.org/dacc/hhs/genome/microbiome/wgs/analysis/hmwgsqc/v1/SRS063215.tar.bz2
SRS063272	https://downloads.hmpdacc.org/dacc/hhs/genome/microbiome/wgs/analysis/hmwgsqc/v1/SRS063272.tar.bz2
SRS063287	https://downloads.hmpdacc.org/dacc/hhs/genome/microbiome/wgs/analysis/hmwgsqc/v1/SRS063287.tar.bz2
SRS063288	https://downloads.hmpdacc.org/dacc/hhs/genome/microbiome/wgs/analysis/hmwgsqc/v1/SRS063288.tar.bz2
SRS063351	https://downloads.hmpdacc.org/dacc/hhs/genome/microbiome/wgs/analysis/hmwgsqc/v1/SRS063351.tar.bz2
SRS063417	https://downloads.hmpdacc.org/dacc/hhs/genome/microbiome/wgs/analysis/hmwgsqc/v1/SRS063417.tar.bz2
SRS063478	https://downloads.hmpdacc.org/dacc/hhs/genome/microbiome/wgs/analysis/hmwgsqc/v1/SRS063478.tar.bz2
SRS063603	https://downloads.hmpdacc.org/dacc/hhs/genome/microbiome/wgs/analysis/hmwgsqc/v1/SRS063603.tar.bz2
SRS063932	https://downloads.hmpdacc.org/dacc/hhs/genome/microbiome/wgs/analysis/hmwgsqc/v1/SRS063932.tar.bz2
SRS063985	https://downloads.hmpdacc.org/dacc/hhs/genome/microbiome/wgs/analysis/hmwgsqc/v1/SRS063985.tar.bz2
SRS063999	https://downloads.hmpdacc.org/dacc/hhs/genome/microbiome/wgs/analysis/hmwgsqc/v1/SRS063999.tar.bz2
SRS064219	https://downloads.hmpdacc.org/dacc/hhs/genome/microbiome/wgs/analysis/hmwgsqc/v1/SRS064219.tar.bz2
SRS064276	https://downloads.hmpdacc.org/dacc/hhs/genome/microbiome/wgs/analysis/hmwgsqc/v1/SRS064276.tar.bz2
SRS064329	https://downloads.hmpdacc.org/dacc/hhs/genome/microbiome/wgs/analysis/hmwgsqc/v1/SRS064329.tar.bz2
SRS064376	https://downloads.hmpdacc.org/dacc/hhs/genome/microbiome/wgs/analysis/hmwgsqc/v1/SRS064376.tar.bz2
SRS064423	https://downloads.hmpdacc.org/dacc/hhs/genome/microbiome/wgs/analysis/hmwgsqc/v1/SRS064423.tar.bz2
SRS064449	https://downloads.hmpdacc.org/dacc/hhs/genome/microbiome/wgs/analysis/hmwgsqc/v1/SRS064449.tar.bz2
SRS064493	https://downloads.hmpdacc.org/dacc/hhs/genome/microbiome/wgs/analysis/hmwgsqc/v1/SRS064493.tar.bz2
SRS064557	https://downloads.hmpdacc.org/dacc/hhs/genome/microbiome/wgs/analysis/hmwgsqc/v1/SRS064557.tar.bz2
SRS064645	https://downloads.hmpdacc.org/dacc/hhs/genome/microbiome/wgs/analysis/hmwgsqc/v1/SRS064645.tar.bz2
SRS064704	https://downloads.hmpdacc.org/dacc/hhs/genome/microbiome/wgs/analysis/hmwgsqc/v1/SRS064704.tar.bz2
SRS064774	https://downloads.hmpdacc.org/dacc/hhs/genome/microbiome/wgs/analysis/hmwgsqc/v1/SRS064774.tar.bz2
SRS064809	https://downloads.hmpdacc.org/dacc/hhs/genome/microbiome/wgs/analysis/hmwgsqc/v1/SRS064809.tar.bz2
SRS065099	https://downloads.hmpdacc.org/dacc/hhs/genome/microbiome/wgs/analysis/hmwgsqc/v1/SRS065099.tar.bz2
SRS065133	https://downloads.hmpdacc.org/dacc/hhs/genome/microbiome/wgs/analysis/hmwgsqc/v1/SRS065133.tar.bz2
SRS065142	https://downloads.hmpdacc.org/dacc/hhs/genome/microbiome/wgs/analysis/hmwgsqc/v1/SRS065142.tar.bz2
SRS065179	https://downloads.hmpdacc.org/dacc/hhs/genome/microbiome/wgs/analysis/hmwgsqc/v1/SRS065179.tar.bz2
SRS065278	https://downloads.hmpdacc.org/dacc/hhs/genome/microbiome/wgs/analysis/hmwgsqc/v1/SRS065278.tar.bz2
SRS065310	https://downloads.hmpdacc.org/dacc/hhs/genome/microbiome/wgs/analysis/hmwgsqc/v1/SRS065310.tar.bz2
SRS065335	https://downloads.hmpdacc.org/dacc/hhs/genome/microbiome/wgs/analysis/hmwgsqc/v1/SRS065335.tar.bz2
SRS065347	https://downloads.hmpdacc.org/dacc/hhs/genome/microbiome/wgs/analysis/hmwgsqc/v1/SRS065347.tar.bz2
SRS065431	https://downloads.hmpdacc.org/dacc/hhs/genome/microbiome/wgs/analysis/hmwgsqc/v1/SRS065431.tar.bz2
SRS065504	https://downloads.hmpdacc.org/dacc/hhs/genome/microbiome/wgs/analysis/hmwgsqc/v1/SRS065504.tar.bz2
SRS075398	https://downloads.hmpdacc.org/dacc/hhs/genome/microbiome/wgs/analysis/hmwgsqc/v1/SRS075398.tar.bz2
SRS075404	https://downloads.hmpdacc.org/dacc/hhs/genome/microbiome/wgs/analysis/hmwgsqc/v1/SRS075404.tar.bz2
SRS075406	https://downloads.hmpdacc.org/dacc/hhs/genome/microbiome/wgs/analysis/hmwgsqc/v1/SRS075406.tar.bz2
SRS075410	https://downloads.hmpdacc.org/dacc/hhs/genome/microbiome/wgs/analysis/hmwgsqc/v1/SRS075410.tar.bz2
SRS075419	https://downloads.hmpdacc.org/dacc/hhs/genome/microbiome/wgs/analysis/hmwgsqc/v1/SRS075419.tar.bz2
SRS077730	https://downloads.hmpdacc.org/dacc/hhs/genome/microbiome/wgs/analysis/hmwgsqc/v1/SRS077730.tar.bz2
SRS077736	https://downloads.hmpdacc.org/dacc/hhs/genome/microbiome/wgs/analysis/hmwgsqc/v1/SRS077736.tar.bz2
SRS077738	https://downloads.hmpdacc.org/dacc/hhs/genome/microbiome/wgs/analysis/hmwgsqc/v1/SRS077738.tar.bz2
SRS077751	https://downloads.hmpdacc.org/dacc/hhs/genome/microbiome/wgs/analysis/hmwgsqc/v1/SRS077751.tar.bz2
SRS078176	https://downloads.hmpdacc.org/dacc/hhs/genome/microbiome/wgs/analysis/hmwgsqc/v1/SRS078176.tar.bz2
