SRR3131901	ftp.sra.ebi.ac.uk/vol1/fastq/SRR313/001/SRR3131901/SRR3131901_1.fastq.gz	ftp.sra.ebi.ac.uk/vol1/fastq/SRR313/001/SRR3131901/SRR3131901_2.fastq.gz
SRR3131704	ftp.sra.ebi.ac.uk/vol1/fastq/SRR313/004/SRR3131704/SRR3131704_1.fastq.gz	ftp.sra.ebi.ac.uk/vol1/fastq/SRR313/004/SRR3131704/SRR3131704_2.fastq.gz
SRR3131935	ftp.sra.ebi.ac.uk/vol1/fastq/SRR313/005/SRR3131935/SRR3131935_1.fastq.gz	ftp.sra.ebi.ac.uk/vol1/fastq/SRR313/005/SRR3131935/SRR3131935_2.fastq.gz
SRR3131722	ftp.sra.ebi.ac.uk/vol1/fastq/SRR313/002/SRR3131722/SRR3131722_1.fastq.gz	ftp.sra.ebi.ac.uk/vol1/fastq/SRR313/002/SRR3131722/SRR3131722_2.fastq.gz
SRR3132317	ftp.sra.ebi.ac.uk/vol1/fastq/SRR313/007/SRR3132317/SRR3132317_1.fastq.gz	ftp.sra.ebi.ac.uk/vol1/fastq/SRR313/007/SRR3132317/SRR3132317_2.fastq.gz
SRR3132109	ftp.sra.ebi.ac.uk/vol1/fastq/SRR313/009/SRR3132109/SRR3132109_1.fastq.gz	ftp.sra.ebi.ac.uk/vol1/fastq/SRR313/009/SRR3132109/SRR3132109_2.fastq.gz
SRR3131971	ftp.sra.ebi.ac.uk/vol1/fastq/SRR313/001/SRR3131971/SRR3131971_1.fastq.gz	ftp.sra.ebi.ac.uk/vol1/fastq/SRR313/001/SRR3131971/SRR3131971_2.fastq.gz
SRR3132297	ftp.sra.ebi.ac.uk/vol1/fastq/SRR313/007/SRR3132297/SRR3132297_1.fastq.gz	ftp.sra.ebi.ac.uk/vol1/fastq/SRR313/007/SRR3132297/SRR3132297_2.fastq.gz
SRR3131740	ftp.sra.ebi.ac.uk/vol1/fastq/SRR313/000/SRR3131740/SRR3131740_1.fastq.gz	ftp.sra.ebi.ac.uk/vol1/fastq/SRR313/000/SRR3131740/SRR3131740_2.fastq.gz
SRR3131927	ftp.sra.ebi.ac.uk/vol1/fastq/SRR313/007/SRR3131927/SRR3131927_1.fastq.gz	ftp.sra.ebi.ac.uk/vol1/fastq/SRR313/007/SRR3131927/SRR3131927_2.fastq.gz
SRR3131692	ftp.sra.ebi.ac.uk/vol1/fastq/SRR313/002/SRR3131692/SRR3131692_1.fastq.gz	ftp.sra.ebi.ac.uk/vol1/fastq/SRR313/002/SRR3131692/SRR3131692_2.fastq.gz
SRR3131917	ftp.sra.ebi.ac.uk/vol1/fastq/SRR313/007/SRR3131917/SRR3131917_1.fastq.gz	ftp.sra.ebi.ac.uk/vol1/fastq/SRR313/007/SRR3131917/SRR3131917_2.fastq.gz
SRR3132335	ftp.sra.ebi.ac.uk/vol1/fastq/SRR313/005/SRR3132335/SRR3132335_1.fastq.gz	ftp.sra.ebi.ac.uk/vol1/fastq/SRR313/005/SRR3132335/SRR3132335_2.fastq.gz
SRR3131784	ftp.sra.ebi.ac.uk/vol1/fastq/SRR313/004/SRR3131784/SRR3131784_1.fastq.gz	ftp.sra.ebi.ac.uk/vol1/fastq/SRR313/004/SRR3131784/SRR3131784_2.fastq.gz
SRR3131874	ftp.sra.ebi.ac.uk/vol1/fastq/SRR313/004/SRR3131874/SRR3131874_1.fastq.gz	ftp.sra.ebi.ac.uk/vol1/fastq/SRR313/004/SRR3131874/SRR3131874_2.fastq.gz
SRR3132051	ftp.sra.ebi.ac.uk/vol1/fastq/SRR313/001/SRR3132051/SRR3132051_1.fastq.gz	ftp.sra.ebi.ac.uk/vol1/fastq/SRR313/001/SRR3132051/SRR3132051_2.fastq.gz
SRR3131886	ftp.sra.ebi.ac.uk/vol1/fastq/SRR313/006/SRR3131886/SRR3131886_1.fastq.gz	ftp.sra.ebi.ac.uk/vol1/fastq/SRR313/006/SRR3131886/SRR3131886_2.fastq.gz
SRR3132095	ftp.sra.ebi.ac.uk/vol1/fastq/SRR313/005/SRR3132095/SRR3132095_1.fastq.gz	ftp.sra.ebi.ac.uk/vol1/fastq/SRR313/005/SRR3132095/SRR3132095_2.fastq.gz
SRR3132241	ftp.sra.ebi.ac.uk/vol1/fastq/SRR313/001/SRR3132241/SRR3132241_1.fastq.gz	ftp.sra.ebi.ac.uk/vol1/fastq/SRR313/001/SRR3132241/SRR3132241_2.fastq.gz
SRR3132459	ftp.sra.ebi.ac.uk/vol1/fastq/SRR313/009/SRR3132459/SRR3132459_1.fastq.gz	ftp.sra.ebi.ac.uk/vol1/fastq/SRR313/009/SRR3132459/SRR3132459_2.fastq.gz
SRR3132157	ftp.sra.ebi.ac.uk/vol1/fastq/SRR313/007/SRR3132157/SRR3132157_1.fastq.gz	ftp.sra.ebi.ac.uk/vol1/fastq/SRR313/007/SRR3132157/SRR3132157_2.fastq.gz
SRR3132343	ftp.sra.ebi.ac.uk/vol1/fastq/SRR313/003/SRR3132343/SRR3132343_1.fastq.gz	ftp.sra.ebi.ac.uk/vol1/fastq/SRR313/003/SRR3132343/SRR3132343_2.fastq.gz
SRR3132179	ftp.sra.ebi.ac.uk/vol1/fastq/SRR313/009/SRR3132179/SRR3132179_1.fastq.gz	ftp.sra.ebi.ac.uk/vol1/fastq/SRR313/009/SRR3132179/SRR3132179_2.fastq.gz
SRR3132377	ftp.sra.ebi.ac.uk/vol1/fastq/SRR313/007/SRR3132377/SRR3132377_1.fastq.gz	ftp.sra.ebi.ac.uk/vol1/fastq/SRR313/007/SRR3132377/SRR3132377_2.fastq.gz
SRR3131766	ftp.sra.ebi.ac.uk/vol1/fastq/SRR313/006/SRR3131766/SRR3131766_1.fastq.gz	ftp.sra.ebi.ac.uk/vol1/fastq/SRR313/006/SRR3131766/SRR3131766_2.fastq.gz
SRR3131965	ftp.sra.ebi.ac.uk/vol1/fastq/SRR313/005/SRR3131965/SRR3131965_1.fastq.gz	ftp.sra.ebi.ac.uk/vol1/fastq/SRR313/005/SRR3131965/SRR3131965_2.fastq.gz
SRR3132111	ftp.sra.ebi.ac.uk/vol1/fastq/SRR313/001/SRR3132111/SRR3132111_1.fastq.gz	ftp.sra.ebi.ac.uk/vol1/fastq/SRR313/001/SRR3132111/SRR3132111_2.fastq.gz
SRR3131997	ftp.sra.ebi.ac.uk/vol1/fastq/SRR313/007/SRR3131997/SRR3131997_1.fastq.gz	ftp.sra.ebi.ac.uk/vol1/fastq/SRR313/007/SRR3131997/SRR3131997_2.fastq.gz
SRR3132239	ftp.sra.ebi.ac.uk/vol1/fastq/SRR313/009/SRR3132239/SRR3132239_1.fastq.gz	ftp.sra.ebi.ac.uk/vol1/fastq/SRR313/009/SRR3132239/SRR3132239_2.fastq.gz
SRR3132203	ftp.sra.ebi.ac.uk/vol1/fastq/SRR313/003/SRR3132203/SRR3132203_1.fastq.gz	ftp.sra.ebi.ac.uk/vol1/fastq/SRR313/003/SRR3132203/SRR3132203_2.fastq.gz
SRR3132411	ftp.sra.ebi.ac.uk/vol1/fastq/SRR313/001/SRR3132411/SRR3132411_1.fastq.gz	ftp.sra.ebi.ac.uk/vol1/fastq/SRR313/001/SRR3132411/SRR3132411_2.fastq.gz
SRR3132043	ftp.sra.ebi.ac.uk/vol1/fastq/SRR313/003/SRR3132043/SRR3132043_1.fastq.gz	ftp.sra.ebi.ac.uk/vol1/fastq/SRR313/003/SRR3132043/SRR3132043_2.fastq.gz
SRR3132271	ftp.sra.ebi.ac.uk/vol1/fastq/SRR313/001/SRR3132271/SRR3132271_1.fastq.gz	ftp.sra.ebi.ac.uk/vol1/fastq/SRR313/001/SRR3132271/SRR3132271_2.fastq.gz
SRR3131834	ftp.sra.ebi.ac.uk/vol1/fastq/SRR313/004/SRR3131834/SRR3131834_1.fastq.gz	ftp.sra.ebi.ac.uk/vol1/fastq/SRR313/004/SRR3131834/SRR3131834_2.fastq.gz
SRR3132405	ftp.sra.ebi.ac.uk/vol1/fastq/SRR313/005/SRR3132405/SRR3132405_1.fastq.gz	ftp.sra.ebi.ac.uk/vol1/fastq/SRR313/005/SRR3132405/SRR3132405_2.fastq.gz
SRR3132217	ftp.sra.ebi.ac.uk/vol1/fastq/SRR313/007/SRR3132217/SRR3132217_1.fastq.gz	ftp.sra.ebi.ac.uk/vol1/fastq/SRR313/007/SRR3132217/SRR3132217_2.fastq.gz
SRR3132431	ftp.sra.ebi.ac.uk/vol1/fastq/SRR313/001/SRR3132431/SRR3132431_1.fastq.gz	ftp.sra.ebi.ac.uk/vol1/fastq/SRR313/001/SRR3132431/SRR3132431_2.fastq.gz
SRR3132063	ftp.sra.ebi.ac.uk/vol1/fastq/SRR313/003/SRR3132063/SRR3132063.fastq.gz	ftp.sra.ebi.ac.uk/vol1/fastq/SRR313/003/SRR3132063/SRR3132063_1.fastq.gz;ftp.sra.ebi.ac.uk/vol1/fastq/SRR313/003/SRR3132063/SRR3132063_2.fastq.gz
SRR3132007	ftp.sra.ebi.ac.uk/vol1/fastq/SRR313/007/SRR3132007/SRR3132007_1.fastq.gz	ftp.sra.ebi.ac.uk/vol1/fastq/SRR313/007/SRR3132007/SRR3132007_2.fastq.gz
SRR3131774	ftp.sra.ebi.ac.uk/vol1/fastq/SRR313/004/SRR3131774/SRR3131774_1.fastq.gz	ftp.sra.ebi.ac.uk/vol1/fastq/SRR313/004/SRR3131774/SRR3131774_2.fastq.gz
SRR3132365	ftp.sra.ebi.ac.uk/vol1/fastq/SRR313/005/SRR3132365/SRR3132365_1.fastq.gz	ftp.sra.ebi.ac.uk/vol1/fastq/SRR313/005/SRR3132365/SRR3132365_2.fastq.gz
SRR3132189	ftp.sra.ebi.ac.uk/vol1/fastq/SRR313/009/SRR3132189/SRR3132189_1.fastq.gz	ftp.sra.ebi.ac.uk/vol1/fastq/SRR313/009/SRR3132189/SRR3132189_2.fastq.gz
SRR3132353	ftp.sra.ebi.ac.uk/vol1/fastq/SRR313/003/SRR3132353/SRR3132353_1.fastq.gz	ftp.sra.ebi.ac.uk/vol1/fastq/SRR313/003/SRR3132353/SRR3132353_2.fastq.gz
SRR3132147	ftp.sra.ebi.ac.uk/vol1/fastq/SRR313/007/SRR3132147/SRR3132147_1.fastq.gz	ftp.sra.ebi.ac.uk/vol1/fastq/SRR313/007/SRR3132147/SRR3132147_2.fastq.gz
SRR3131995	ftp.sra.ebi.ac.uk/vol1/fastq/SRR313/005/SRR3131995/SRR3131995_1.fastq.gz	ftp.sra.ebi.ac.uk/vol1/fastq/SRR313/005/SRR3131995/SRR3131995_2.fastq.gz
SRR3131782	ftp.sra.ebi.ac.uk/vol1/fastq/SRR313/002/SRR3131782/SRR3131782_1.fastq.gz	ftp.sra.ebi.ac.uk/vol1/fastq/SRR313/002/SRR3131782/SRR3131782_2.fastq.gz
SRR3131947	ftp.sra.ebi.ac.uk/vol1/fastq/SRR313/007/SRR3131947/SRR3131947.fastq.gz	ftp.sra.ebi.ac.uk/vol1/fastq/SRR313/007/SRR3131947/SRR3131947_1.fastq.gz;ftp.sra.ebi.ac.uk/vol1/fastq/SRR313/007/SRR3131947/SRR3131947_2.fastq.gz
SRR3132473	ftp.sra.ebi.ac.uk/vol1/fastq/SRR313/003/SRR3132473/SRR3132473_1.fastq.gz	ftp.sra.ebi.ac.uk/vol1/fastq/SRR313/003/SRR3132473/SRR3132473_2.fastq.gz
SRR3131868	ftp.sra.ebi.ac.uk/vol1/fastq/SRR313/008/SRR3131868/SRR3131868_1.fastq.gz	ftp.sra.ebi.ac.uk/vol1/fastq/SRR313/008/SRR3131868/SRR3131868_2.fastq.gz
SRR3132055	ftp.sra.ebi.ac.uk/vol1/fastq/SRR313/005/SRR3132055/SRR3132055_1.fastq.gz	ftp.sra.ebi.ac.uk/vol1/fastq/SRR313/005/SRR3132055/SRR3132055_2.fastq.gz
SRR3131888	ftp.sra.ebi.ac.uk/vol1/fastq/SRR313/008/SRR3131888/SRR3131888_1.fastq.gz	ftp.sra.ebi.ac.uk/vol1/fastq/SRR313/008/SRR3131888/SRR3131888_2.fastq.gz
SRR3132091	ftp.sra.ebi.ac.uk/vol1/fastq/SRR313/001/SRR3132091/SRR3132091_1.fastq.gz	ftp.sra.ebi.ac.uk/vol1/fastq/SRR313/001/SRR3132091/SRR3132091_2.fastq.gz
SRR3132457	ftp.sra.ebi.ac.uk/vol1/fastq/SRR313/007/SRR3132457/SRR3132457_1.fastq.gz	ftp.sra.ebi.ac.uk/vol1/fastq/SRR313/007/SRR3132457/SRR3132457_2.fastq.gz
SRR3131802	ftp.sra.ebi.ac.uk/vol1/fastq/SRR313/002/SRR3131802/SRR3131802_1.fastq.gz	ftp.sra.ebi.ac.uk/vol1/fastq/SRR313/002/SRR3131802/SRR3131802_2.fastq.gz
SRR3132187	ftp.sra.ebi.ac.uk/vol1/fastq/SRR313/007/SRR3132187/SRR3132187_1.fastq.gz	ftp.sra.ebi.ac.uk/vol1/fastq/SRR313/007/SRR3132187/SRR3132187_2.fastq.gz
SRR3131957	ftp.sra.ebi.ac.uk/vol1/fastq/SRR313/007/SRR3131957/SRR3131957_1.fastq.gz	ftp.sra.ebi.ac.uk/vol1/fastq/SRR313/007/SRR3131957/SRR3131957_2.fastq.gz
SRR3131752	ftp.sra.ebi.ac.uk/vol1/fastq/SRR313/002/SRR3131752/SRR3131752_1.fastq.gz	ftp.sra.ebi.ac.uk/vol1/fastq/SRR313/002/SRR3131752/SRR3131752_2.fastq.gz
SRR3131786	ftp.sra.ebi.ac.uk/vol1/fastq/SRR313/006/SRR3131786/SRR3131786_1.fastq.gz	ftp.sra.ebi.ac.uk/vol1/fastq/SRR313/006/SRR3131786/SRR3131786_2.fastq.gz
SRR3132349	ftp.sra.ebi.ac.uk/vol1/fastq/SRR313/009/SRR3132349/SRR3132349_1.fastq.gz	ftp.sra.ebi.ac.uk/vol1/fastq/SRR313/009/SRR3132349/SRR3132349_2.fastq.gz
SRR3132165	ftp.sra.ebi.ac.uk/vol1/fastq/SRR313/005/SRR3132165/SRR3132165_1.fastq.gz	ftp.sra.ebi.ac.uk/vol1/fastq/SRR313/005/SRR3132165/SRR3132165_2.fastq.gz
SRR3131911	ftp.sra.ebi.ac.uk/vol1/fastq/SRR313/001/SRR3131911/SRR3131911_1.fastq.gz	ftp.sra.ebi.ac.uk/vol1/fastq/SRR313/001/SRR3131911/SRR3131911_2.fastq.gz
SRR3132363	ftp.sra.ebi.ac.uk/vol1/fastq/SRR313/003/SRR3132363/SRR3132363_1.fastq.gz	ftp.sra.ebi.ac.uk/vol1/fastq/SRR313/003/SRR3132363/SRR3132363_2.fastq.gz
SRR3131776	ftp.sra.ebi.ac.uk/vol1/fastq/SRR313/006/SRR3131776/SRR3131776_1.fastq.gz	ftp.sra.ebi.ac.uk/vol1/fastq/SRR313/006/SRR3131776/SRR3131776_2.fastq.gz
SRR3131991	ftp.sra.ebi.ac.uk/vol1/fastq/SRR313/001/SRR3131991/SRR3131991_1.fastq.gz	ftp.sra.ebi.ac.uk/vol1/fastq/SRR313/001/SRR3131991/SRR3131991_2.fastq.gz
SRR3131772	ftp.sra.ebi.ac.uk/vol1/fastq/SRR313/002/SRR3131772/SRR3131772_1.fastq.gz	ftp.sra.ebi.ac.uk/vol1/fastq/SRR313/002/SRR3131772/SRR3131772_2.fastq.gz
SRR3131951	ftp.sra.ebi.ac.uk/vol1/fastq/SRR313/001/SRR3131951/SRR3131951_1.fastq.gz	ftp.sra.ebi.ac.uk/vol1/fastq/SRR313/001/SRR3131951/SRR3131951_2.fastq.gz
SRR3132195	ftp.sra.ebi.ac.uk/vol1/fastq/SRR313/005/SRR3132195/SRR3132195_1.fastq.gz	ftp.sra.ebi.ac.uk/vol1/fastq/SRR313/005/SRR3132195/SRR3132195_2.fastq.gz
SRR3132369	ftp.sra.ebi.ac.uk/vol1/fastq/SRR313/009/SRR3132369/SRR3132369_1.fastq.gz	ftp.sra.ebi.ac.uk/vol1/fastq/SRR313/009/SRR3132369/SRR3132369_2.fastq.gz
SRR3131744	ftp.sra.ebi.ac.uk/vol1/fastq/SRR313/004/SRR3131744/SRR3131744_1.fastq.gz	ftp.sra.ebi.ac.uk/vol1/fastq/SRR313/004/SRR3131744/SRR3131744_2.fastq.gz
SRR3132421	ftp.sra.ebi.ac.uk/vol1/fastq/SRR313/001/SRR3132421/SRR3132421_1.fastq.gz	ftp.sra.ebi.ac.uk/vol1/fastq/SRR313/001/SRR3132421/SRR3132421_2.fastq.gz
SRR3131814	ftp.sra.ebi.ac.uk/vol1/fastq/SRR313/004/SRR3131814/SRR3131814_1.fastq.gz	ftp.sra.ebi.ac.uk/vol1/fastq/SRR313/004/SRR3131814/SRR3131814_2.fastq.gz
SRR3132013	ftp.sra.ebi.ac.uk/vol1/fastq/SRR313/003/SRR3132013/SRR3132013_1.fastq.gz	ftp.sra.ebi.ac.uk/vol1/fastq/SRR313/003/SRR3132013/SRR3132013_2.fastq.gz
SRR3131844	ftp.sra.ebi.ac.uk/vol1/fastq/SRR313/004/SRR3131844/SRR3131844_1.fastq.gz	ftp.sra.ebi.ac.uk/vol1/fastq/SRR313/004/SRR3131844/SRR3131844_2.fastq.gz
SRR3132035	ftp.sra.ebi.ac.uk/vol1/fastq/SRR313/005/SRR3132035/SRR3132035_1.fastq.gz	ftp.sra.ebi.ac.uk/vol1/fastq/SRR313/005/SRR3132035/SRR3132035_2.fastq.gz
SRR3132207	ftp.sra.ebi.ac.uk/vol1/fastq/SRR313/007/SRR3132207/SRR3132207_1.fastq.gz	ftp.sra.ebi.ac.uk/vol1/fastq/SRR313/007/SRR3132207/SRR3132207_2.fastq.gz
SRR3132395	ftp.sra.ebi.ac.uk/vol1/fastq/SRR313/005/SRR3132395/SRR3132395_1.fastq.gz	ftp.sra.ebi.ac.uk/vol1/fastq/SRR313/005/SRR3132395/SRR3132395_2.fastq.gz
SRR3131862	ftp.sra.ebi.ac.uk/vol1/fastq/SRR313/002/SRR3131862/SRR3131862_1.fastq.gz	ftp.sra.ebi.ac.uk/vol1/fastq/SRR313/002/SRR3131862/SRR3131862_2.fastq.gz
SRR3131949	ftp.sra.ebi.ac.uk/vol1/fastq/SRR313/009/SRR3131949/SRR3131949_1.fastq.gz	ftp.sra.ebi.ac.uk/vol1/fastq/SRR313/009/SRR3131949/SRR3131949_2.fastq.gz
SRR3132099	ftp.sra.ebi.ac.uk/vol1/fastq/SRR313/009/SRR3132099/SRR3132099_1.fastq.gz	ftp.sra.ebi.ac.uk/vol1/fastq/SRR313/009/SRR3132099/SRR3132099_2.fastq.gz
SRR3132137	ftp.sra.ebi.ac.uk/vol1/fastq/SRR313/007/SRR3132137/SRR3132137_1.fastq.gz	ftp.sra.ebi.ac.uk/vol1/fastq/SRR313/007/SRR3132137/SRR3132137_2.fastq.gz
SRR3131716	ftp.sra.ebi.ac.uk/vol1/fastq/SRR313/006/SRR3131716/SRR3131716_1.fastq.gz	ftp.sra.ebi.ac.uk/vol1/fastq/SRR313/006/SRR3131716/SRR3131716_2.fastq.gz
SRR3132169	ftp.sra.ebi.ac.uk/vol1/fastq/SRR313/009/SRR3132169/SRR3132169_1.fastq.gz	ftp.sra.ebi.ac.uk/vol1/fastq/SRR313/009/SRR3132169/SRR3132169_2.fastq.gz
SRR3132059	ftp.sra.ebi.ac.uk/vol1/fastq/SRR313/009/SRR3132059/SRR3132059_1.fastq.gz	ftp.sra.ebi.ac.uk/vol1/fastq/SRR313/009/SRR3132059/SRR3132059_2.fastq.gz
SRR3132277	ftp.sra.ebi.ac.uk/vol1/fastq/SRR313/007/SRR3132277/SRR3132277_1.fastq.gz	ftp.sra.ebi.ac.uk/vol1/fastq/SRR313/007/SRR3132277/SRR3132277_2.fastq.gz
SRR3132263	ftp.sra.ebi.ac.uk/vol1/fastq/SRR313/003/SRR3132263/SRR3132263_1.fastq.gz	ftp.sra.ebi.ac.uk/vol1/fastq/SRR313/003/SRR3132263/SRR3132263_2.fastq.gz
SRR3132449	ftp.sra.ebi.ac.uk/vol1/fastq/SRR313/009/SRR3132449/SRR3132449_1.fastq.gz	ftp.sra.ebi.ac.uk/vol1/fastq/SRR313/009/SRR3132449/SRR3132449_2.fastq.gz
SRR3132077	ftp.sra.ebi.ac.uk/vol1/fastq/SRR313/007/SRR3132077/SRR3132077_1.fastq.gz	ftp.sra.ebi.ac.uk/vol1/fastq/SRR313/007/SRR3132077/SRR3132077_2.fastq.gz
SRR3131876	ftp.sra.ebi.ac.uk/vol1/fastq/SRR313/006/SRR3131876/SRR3131876_1.fastq.gz	ftp.sra.ebi.ac.uk/vol1/fastq/SRR313/006/SRR3131876/SRR3131876_2.fastq.gz
SRR3132467	ftp.sra.ebi.ac.uk/vol1/fastq/SRR313/007/SRR3132467/SRR3132467_1.fastq.gz	ftp.sra.ebi.ac.uk/vol1/fastq/SRR313/007/SRR3132467/SRR3132467_2.fastq.gz
SRR3132249	ftp.sra.ebi.ac.uk/vol1/fastq/SRR313/009/SRR3132249/SRR3132249_1.fastq.gz	ftp.sra.ebi.ac.uk/vol1/fastq/SRR313/009/SRR3132249/SRR3132249_2.fastq.gz
SRR3132475	ftp.sra.ebi.ac.uk/vol1/fastq/SRR313/005/SRR3132475/SRR3132475_1.fastq.gz	ftp.sra.ebi.ac.uk/vol1/fastq/SRR313/005/SRR3132475/SRR3132475_2.fastq.gz
SRR3132291	ftp.sra.ebi.ac.uk/vol1/fastq/SRR313/001/SRR3132291/SRR3132291_1.fastq.gz	ftp.sra.ebi.ac.uk/vol1/fastq/SRR313/001/SRR3132291/SRR3132291_2.fastq.gz
SRR3132045	ftp.sra.ebi.ac.uk/vol1/fastq/SRR313/005/SRR3132045/SRR3132045_1.fastq.gz	ftp.sra.ebi.ac.uk/vol1/fastq/SRR313/005/SRR3132045/SRR3132045_2.fastq.gz
SRR3131864	ftp.sra.ebi.ac.uk/vol1/fastq/SRR313/004/SRR3131864/SRR3131864_1.fastq.gz	ftp.sra.ebi.ac.uk/vol1/fastq/SRR313/004/SRR3131864/SRR3131864_2.fastq.gz
SRR3131698	ftp.sra.ebi.ac.uk/vol1/fastq/SRR313/008/SRR3131698/SRR3131698_1.fastq.gz	ftp.sra.ebi.ac.uk/vol1/fastq/SRR313/008/SRR3131698/SRR3131698_2.fastq.gz
SRR3132331	ftp.sra.ebi.ac.uk/vol1/fastq/SRR313/001/SRR3132331/SRR3132331_1.fastq.gz	ftp.sra.ebi.ac.uk/vol1/fastq/SRR313/001/SRR3132331/SRR3132331_2.fastq.gz
SRR3132129	ftp.sra.ebi.ac.uk/vol1/fastq/SRR313/009/SRR3132129/SRR3132129_1.fastq.gz	ftp.sra.ebi.ac.uk/vol1/fastq/SRR313/009/SRR3132129/SRR3132129_2.fastq.gz
SRR3132295	ftp.sra.ebi.ac.uk/vol1/fastq/SRR313/005/SRR3132295/SRR3132295_1.fastq.gz	ftp.sra.ebi.ac.uk/vol1/fastq/SRR313/005/SRR3132295/SRR3132295_2.fastq.gz
SRR3132117	ftp.sra.ebi.ac.uk/vol1/fastq/SRR313/007/SRR3132117/SRR3132117_1.fastq.gz	ftp.sra.ebi.ac.uk/vol1/fastq/SRR313/007/SRR3132117/SRR3132117_2.fastq.gz
SRR3131931	ftp.sra.ebi.ac.uk/vol1/fastq/SRR313/001/SRR3131931/SRR3131931_1.fastq.gz	ftp.sra.ebi.ac.uk/vol1/fastq/SRR313/001/SRR3131931/SRR3131931_2.fastq.gz
SRR3131742	ftp.sra.ebi.ac.uk/vol1/fastq/SRR313/002/SRR3131742/SRR3131742_1.fastq.gz	ftp.sra.ebi.ac.uk/vol1/fastq/SRR313/002/SRR3131742/SRR3131742_2.fastq.gz
SRR3132373	ftp.sra.ebi.ac.uk/vol1/fastq/SRR313/003/SRR3132373/SRR3132373_1.fastq.gz	ftp.sra.ebi.ac.uk/vol1/fastq/SRR313/003/SRR3132373/SRR3132373_2.fastq.gz
SRR3132427	ftp.sra.ebi.ac.uk/vol1/fastq/SRR313/007/SRR3132427/SRR3132427_1.fastq.gz	ftp.sra.ebi.ac.uk/vol1/fastq/SRR313/007/SRR3132427/SRR3132427_2.fastq.gz
SRR3131806	ftp.sra.ebi.ac.uk/vol1/fastq/SRR313/006/SRR3131806/SRR3131806_1.fastq.gz	ftp.sra.ebi.ac.uk/vol1/fastq/SRR313/006/SRR3131806/SRR3131806_2.fastq.gz
SRR3131848	ftp.sra.ebi.ac.uk/vol1/fastq/SRR313/008/SRR3131848/SRR3131848_1.fastq.gz	ftp.sra.ebi.ac.uk/vol1/fastq/SRR313/008/SRR3131848/SRR3131848_2.fastq.gz
SRR3132213	ftp.sra.ebi.ac.uk/vol1/fastq/SRR313/003/SRR3132213/SRR3132213_1.fastq.gz	ftp.sra.ebi.ac.uk/vol1/fastq/SRR313/003/SRR3132213/SRR3132213_2.fastq.gz
SRR3132391	ftp.sra.ebi.ac.uk/vol1/fastq/SRR313/001/SRR3132391/SRR3132391_1.fastq.gz	ftp.sra.ebi.ac.uk/vol1/fastq/SRR313/001/SRR3132391/SRR3132391_2.fastq.gz
SRR3132171	ftp.sra.ebi.ac.uk/vol1/fastq/SRR313/001/SRR3132171/SRR3132171_1.fastq.gz	ftp.sra.ebi.ac.uk/vol1/fastq/SRR313/001/SRR3132171/SRR3132171_2.fastq.gz
SRR3131975	ftp.sra.ebi.ac.uk/vol1/fastq/SRR313/005/SRR3131975/SRR3131975_1.fastq.gz	ftp.sra.ebi.ac.uk/vol1/fastq/SRR313/005/SRR3131975/SRR3131975_2.fastq.gz
SRR3131792	ftp.sra.ebi.ac.uk/vol1/fastq/SRR313/002/SRR3131792/SRR3131792_1.fastq.gz	ftp.sra.ebi.ac.uk/vol1/fastq/SRR313/002/SRR3131792/SRR3131792_2.fastq.gz
SRR3131961	ftp.sra.ebi.ac.uk/vol1/fastq/SRR313/001/SRR3131961/SRR3131961_1.fastq.gz	ftp.sra.ebi.ac.uk/vol1/fastq/SRR313/001/SRR3131961/SRR3131961_2.fastq.gz
SRR3131748	ftp.sra.ebi.ac.uk/vol1/fastq/SRR313/008/SRR3131748/SRR3131748_1.fastq.gz	ftp.sra.ebi.ac.uk/vol1/fastq/SRR313/008/SRR3131748/SRR3131748_2.fastq.gz
SRR3132389	ftp.sra.ebi.ac.uk/vol1/fastq/SRR313/009/SRR3132389/SRR3132389_1.fastq.gz	ftp.sra.ebi.ac.uk/vol1/fastq/SRR313/009/SRR3132389/SRR3132389_2.fastq.gz
SRR3132181	ftp.sra.ebi.ac.uk/vol1/fastq/SRR313/001/SRR3132181/SRR3132181_1.fastq.gz	ftp.sra.ebi.ac.uk/vol1/fastq/SRR313/001/SRR3132181/SRR3132181_2.fastq.gz
SRR3131943	ftp.sra.ebi.ac.uk/vol1/fastq/SRR313/003/SRR3131943/SRR3131943_1.fastq.gz	ftp.sra.ebi.ac.uk/vol1/fastq/SRR313/003/SRR3131943/SRR3131943_2.fastq.gz
SRR3132375	ftp.sra.ebi.ac.uk/vol1/fastq/SRR313/005/SRR3132375/SRR3132375_1.fastq.gz	ftp.sra.ebi.ac.uk/vol1/fastq/SRR313/005/SRR3132375/SRR3132375_2.fastq.gz
SRR3131768	ftp.sra.ebi.ac.uk/vol1/fastq/SRR313/008/SRR3131768/SRR3131768_1.fastq.gz	ftp.sra.ebi.ac.uk/vol1/fastq/SRR313/008/SRR3131768/SRR3131768_2.fastq.gz
SRR3132309	ftp.sra.ebi.ac.uk/vol1/fastq/SRR313/009/SRR3132309/SRR3132309.fastq.gz	ftp.sra.ebi.ac.uk/vol1/fastq/SRR313/009/SRR3132309/SRR3132309_1.fastq.gz;ftp.sra.ebi.ac.uk/vol1/fastq/SRR313/009/SRR3132309/SRR3132309_2.fastq.gz
SRR3131780	ftp.sra.ebi.ac.uk/vol1/fastq/SRR313/000/SRR3131780/SRR3131780_1.fastq.gz	ftp.sra.ebi.ac.uk/vol1/fastq/SRR313/000/SRR3131780/SRR3131780_2.fastq.gz
SRR3131987	ftp.sra.ebi.ac.uk/vol1/fastq/SRR313/007/SRR3131987/SRR3131987_1.fastq.gz	ftp.sra.ebi.ac.uk/vol1/fastq/SRR313/007/SRR3131987/SRR3131987_2.fastq.gz
SRR3132155	ftp.sra.ebi.ac.uk/vol1/fastq/SRR313/005/SRR3132155/SRR3132155_1.fastq.gz	ftp.sra.ebi.ac.uk/vol1/fastq/SRR313/005/SRR3132155/SRR3132155_2.fastq.gz
SRR3132357	ftp.sra.ebi.ac.uk/vol1/fastq/SRR313/007/SRR3132357/SRR3132357_1.fastq.gz	ftp.sra.ebi.ac.uk/vol1/fastq/SRR313/007/SRR3132357/SRR3132357_2.fastq.gz
SRR3131696	ftp.sra.ebi.ac.uk/vol1/fastq/SRR313/006/SRR3131696/SRR3131696_1.fastq.gz	ftp.sra.ebi.ac.uk/vol1/fastq/SRR313/006/SRR3131696/SRR3131696_2.fastq.gz
SRR3132027	ftp.sra.ebi.ac.uk/vol1/fastq/SRR313/007/SRR3132027/SRR3132027_1.fastq.gz	ftp.sra.ebi.ac.uk/vol1/fastq/SRR313/007/SRR3132027/SRR3132027_2.fastq.gz
SRR3131808	ftp.sra.ebi.ac.uk/vol1/fastq/SRR313/008/SRR3131808/SRR3131808_1.fastq.gz	ftp.sra.ebi.ac.uk/vol1/fastq/SRR313/008/SRR3131808/SRR3131808_2.fastq.gz
SRR3132017	ftp.sra.ebi.ac.uk/vol1/fastq/SRR313/007/SRR3132017/SRR3132017_1.fastq.gz	ftp.sra.ebi.ac.uk/vol1/fastq/SRR313/007/SRR3132017/SRR3132017_2.fastq.gz
SRR3132221	ftp.sra.ebi.ac.uk/vol1/fastq/SRR313/001/SRR3132221/SRR3132221_1.fastq.gz	ftp.sra.ebi.ac.uk/vol1/fastq/SRR313/001/SRR3132221/SRR3132221_2.fastq.gz
SRR3131880	ftp.sra.ebi.ac.uk/vol1/fastq/SRR313/000/SRR3131880/SRR3131880_1.fastq.gz	ftp.sra.ebi.ac.uk/vol1/fastq/SRR313/000/SRR3131880/SRR3131880_2.fastq.gz
SRR3132133	ftp.sra.ebi.ac.uk/vol1/fastq/SRR313/003/SRR3132133/SRR3132133_1.fastq.gz	ftp.sra.ebi.ac.uk/vol1/fastq/SRR313/003/SRR3132133/SRR3132133_2.fastq.gz
SRR3132325	ftp.sra.ebi.ac.uk/vol1/fastq/SRR313/005/SRR3132325/SRR3132325_1.fastq.gz	ftp.sra.ebi.ac.uk/vol1/fastq/SRR313/005/SRR3132325/SRR3132325_2.fastq.gz
SRR3132103	ftp.sra.ebi.ac.uk/vol1/fastq/SRR313/003/SRR3132103/SRR3132103_1.fastq.gz	ftp.sra.ebi.ac.uk/vol1/fastq/SRR313/003/SRR3132103/SRR3132103_2.fastq.gz
SRR3132303	ftp.sra.ebi.ac.uk/vol1/fastq/SRR313/003/SRR3132303/SRR3132303_1.fastq.gz	ftp.sra.ebi.ac.uk/vol1/fastq/SRR313/003/SRR3132303/SRR3132303_2.fastq.gz
SRR3131736	ftp.sra.ebi.ac.uk/vol1/fastq/SRR313/006/SRR3131736/SRR3131736_1.fastq.gz	ftp.sra.ebi.ac.uk/vol1/fastq/SRR313/006/SRR3131736/SRR3131736_2.fastq.gz
SRR3131941	ftp.sra.ebi.ac.uk/vol1/fastq/SRR313/001/SRR3131941/SRR3131941_1.fastq.gz	ftp.sra.ebi.ac.uk/vol1/fastq/SRR313/001/SRR3131941/SRR3131941_2.fastq.gz
SRR3132185	ftp.sra.ebi.ac.uk/vol1/fastq/SRR313/005/SRR3132185/SRR3132185_1.fastq.gz	ftp.sra.ebi.ac.uk/vol1/fastq/SRR313/005/SRR3132185/SRR3132185_2.fastq.gz
SRR3132073	ftp.sra.ebi.ac.uk/vol1/fastq/SRR313/003/SRR3132073/SRR3132073_1.fastq.gz	ftp.sra.ebi.ac.uk/vol1/fastq/SRR313/003/SRR3132073/SRR3132073_2.fastq.gz
SRR3132267	ftp.sra.ebi.ac.uk/vol1/fastq/SRR313/007/SRR3132267/SRR3132267_1.fastq.gz	ftp.sra.ebi.ac.uk/vol1/fastq/SRR313/007/SRR3132267/SRR3132267_2.fastq.gz
SRR3132445	ftp.sra.ebi.ac.uk/vol1/fastq/SRR313/005/SRR3132445/SRR3132445_1.fastq.gz	ftp.sra.ebi.ac.uk/vol1/fastq/SRR313/005/SRR3132445/SRR3132445_2.fastq.gz
SRR3132275	ftp.sra.ebi.ac.uk/vol1/fastq/SRR313/005/SRR3132275/SRR3132275_1.fastq.gz	ftp.sra.ebi.ac.uk/vol1/fastq/SRR313/005/SRR3132275/SRR3132275_2.fastq.gz
SRR3132487	ftp.sra.ebi.ac.uk/vol1/fastq/SRR313/007/SRR3132487/SRR3132487_1.fastq.gz	ftp.sra.ebi.ac.uk/vol1/fastq/SRR313/007/SRR3132487/SRR3132487_2.fastq.gz
SRR3131850	ftp.sra.ebi.ac.uk/vol1/fastq/SRR313/000/SRR3131850/SRR3131850_1.fastq.gz	ftp.sra.ebi.ac.uk/vol1/fastq/SRR313/000/SRR3131850/SRR3131850_2.fastq.gz
SRR3132065	ftp.sra.ebi.ac.uk/vol1/fastq/SRR313/005/SRR3132065/SRR3132065_1.fastq.gz	ftp.sra.ebi.ac.uk/vol1/fastq/SRR313/005/SRR3132065/SRR3132065_2.fastq.gz
SRR3132197	ftp.sra.ebi.ac.uk/vol1/fastq/SRR313/007/SRR3132197/SRR3132197_1.fastq.gz	ftp.sra.ebi.ac.uk/vol1/fastq/SRR313/007/SRR3132197/SRR3132197_2.fastq.gz
SRR3131858	ftp.sra.ebi.ac.uk/vol1/fastq/SRR313/008/SRR3131858/SRR3131858_1.fastq.gz	ftp.sra.ebi.ac.uk/vol1/fastq/SRR313/008/SRR3131858/SRR3131858_2.fastq.gz
SRR3132479	ftp.sra.ebi.ac.uk/vol1/fastq/SRR313/009/SRR3132479/SRR3132479_1.fastq.gz	ftp.sra.ebi.ac.uk/vol1/fastq/SRR313/009/SRR3132479/SRR3132479_2.fastq.gz
SRR3132287	ftp.sra.ebi.ac.uk/vol1/fastq/SRR313/007/SRR3132287/SRR3132287_1.fastq.gz	ftp.sra.ebi.ac.uk/vol1/fastq/SRR313/007/SRR3132287/SRR3132287_2.fastq.gz
SRR3132463	ftp.sra.ebi.ac.uk/vol1/fastq/SRR313/003/SRR3132463/SRR3132463_1.fastq.gz	ftp.sra.ebi.ac.uk/vol1/fastq/SRR313/003/SRR3132463/SRR3132463_2.fastq.gz
SRR3132253	ftp.sra.ebi.ac.uk/vol1/fastq/SRR313/003/SRR3132253/SRR3132253_1.fastq.gz	ftp.sra.ebi.ac.uk/vol1/fastq/SRR313/003/SRR3132253/SRR3132253_2.fastq.gz
SRR3132085	ftp.sra.ebi.ac.uk/vol1/fastq/SRR313/005/SRR3132085/SRR3132085_1.fastq.gz	ftp.sra.ebi.ac.uk/vol1/fastq/SRR313/005/SRR3132085/SRR3132085_2.fastq.gz
SRR3131882	ftp.sra.ebi.ac.uk/vol1/fastq/SRR313/002/SRR3131882/SRR3131882_1.fastq.gz	ftp.sra.ebi.ac.uk/vol1/fastq/SRR313/002/SRR3131882/SRR3131882_2.fastq.gz
SRR3132423	ftp.sra.ebi.ac.uk/vol1/fastq/SRR313/003/SRR3132423/SRR3132423_1.fastq.gz	ftp.sra.ebi.ac.uk/vol1/fastq/SRR313/003/SRR3132423/SRR3132423_2.fastq.gz
SRR3131746	ftp.sra.ebi.ac.uk/vol1/fastq/SRR313/006/SRR3131746/SRR3131746_1.fastq.gz	ftp.sra.ebi.ac.uk/vol1/fastq/SRR313/006/SRR3131746/SRR3131746_2.fastq.gz
SRR3132119	ftp.sra.ebi.ac.uk/vol1/fastq/SRR313/009/SRR3132119/SRR3132119_1.fastq.gz	ftp.sra.ebi.ac.uk/vol1/fastq/SRR313/009/SRR3132119/SRR3132119_2.fastq.gz
SRR3132333	ftp.sra.ebi.ac.uk/vol1/fastq/SRR313/003/SRR3132333/SRR3132333_1.fastq.gz	ftp.sra.ebi.ac.uk/vol1/fastq/SRR313/003/SRR3132333/SRR3132333_2.fastq.gz
SRR3132127	ftp.sra.ebi.ac.uk/vol1/fastq/SRR313/007/SRR3132127/SRR3132127_1.fastq.gz	ftp.sra.ebi.ac.uk/vol1/fastq/SRR313/007/SRR3132127/SRR3132127_2.fastq.gz
SRR3131923	ftp.sra.ebi.ac.uk/vol1/fastq/SRR313/003/SRR3131923/SRR3131923_1.fastq.gz	ftp.sra.ebi.ac.uk/vol1/fastq/SRR313/003/SRR3131923/SRR3131923_2.fastq.gz
SRR3131694	ftp.sra.ebi.ac.uk/vol1/fastq/SRR313/004/SRR3131694/SRR3131694_1.fastq.gz	ftp.sra.ebi.ac.uk/vol1/fastq/SRR313/004/SRR3131694/SRR3131694_2.fastq.gz
SRR3132361	ftp.sra.ebi.ac.uk/vol1/fastq/SRR313/001/SRR3132361/SRR3132361_1.fastq.gz	ftp.sra.ebi.ac.uk/vol1/fastq/SRR313/001/SRR3132361/SRR3132361_2.fastq.gz
SRR3132397	ftp.sra.ebi.ac.uk/vol1/fastq/SRR313/007/SRR3132397/SRR3132397_1.fastq.gz	ftp.sra.ebi.ac.uk/vol1/fastq/SRR313/007/SRR3132397/SRR3132397_2.fastq.gz
SRR3131842	ftp.sra.ebi.ac.uk/vol1/fastq/SRR313/002/SRR3131842/SRR3131842_1.fastq.gz	ftp.sra.ebi.ac.uk/vol1/fastq/SRR313/002/SRR3131842/SRR3131842_2.fastq.gz
SRR3132029	ftp.sra.ebi.ac.uk/vol1/fastq/SRR313/009/SRR3132029/SRR3132029_1.fastq.gz	ftp.sra.ebi.ac.uk/vol1/fastq/SRR313/009/SRR3132029/SRR3132029_2.fastq.gz
SRR3131812	ftp.sra.ebi.ac.uk/vol1/fastq/SRR313/002/SRR3131812/SRR3131812_1.fastq.gz	ftp.sra.ebi.ac.uk/vol1/fastq/SRR313/002/SRR3131812/SRR3131812_2.fastq.gz
SRR3132251	ftp.sra.ebi.ac.uk/vol1/fastq/SRR313/001/SRR3132251/SRR3132251_1.fastq.gz	ftp.sra.ebi.ac.uk/vol1/fastq/SRR313/001/SRR3132251/SRR3132251_2.fastq.gz
SRR3131884	ftp.sra.ebi.ac.uk/vol1/fastq/SRR313/004/SRR3131884/SRR3131884_1.fastq.gz	ftp.sra.ebi.ac.uk/vol1/fastq/SRR313/004/SRR3131884/SRR3131884_2.fastq.gz
SRR3132049	ftp.sra.ebi.ac.uk/vol1/fastq/SRR313/009/SRR3132049/SRR3132049_1.fastq.gz	ftp.sra.ebi.ac.uk/vol1/fastq/SRR313/009/SRR3132049/SRR3132049_2.fastq.gz
SRR3131860	ftp.sra.ebi.ac.uk/vol1/fastq/SRR313/000/SRR3131860/SRR3131860_1.fastq.gz	ftp.sra.ebi.ac.uk/vol1/fastq/SRR313/000/SRR3131860/SRR3131860_2.fastq.gz
SRR3132477	ftp.sra.ebi.ac.uk/vol1/fastq/SRR313/007/SRR3132477/SRR3132477_1.fastq.gz	ftp.sra.ebi.ac.uk/vol1/fastq/SRR313/007/SRR3132477/SRR3132477_2.fastq.gz
SRR3132285	ftp.sra.ebi.ac.uk/vol1/fastq/SRR313/005/SRR3132285/SRR3132285_1.fastq.gz	ftp.sra.ebi.ac.uk/vol1/fastq/SRR313/005/SRR3132285/SRR3132285_2.fastq.gz
SRR3132033	ftp.sra.ebi.ac.uk/vol1/fastq/SRR313/003/SRR3132033/SRR3132033_1.fastq.gz	ftp.sra.ebi.ac.uk/vol1/fastq/SRR313/003/SRR3132033/SRR3132033_2.fastq.gz
SRR3131852	ftp.sra.ebi.ac.uk/vol1/fastq/SRR313/002/SRR3131852/SRR3131852_1.fastq.gz	ftp.sra.ebi.ac.uk/vol1/fastq/SRR313/002/SRR3131852/SRR3131852_2.fastq.gz
SRR3132067	ftp.sra.ebi.ac.uk/vol1/fastq/SRR313/007/SRR3132067/SRR3132067_1.fastq.gz	ftp.sra.ebi.ac.uk/vol1/fastq/SRR313/007/SRR3132067/SRR3132067_2.fastq.gz
SRR3131894	ftp.sra.ebi.ac.uk/vol1/fastq/SRR313/004/SRR3131894/SRR3131894_1.fastq.gz	ftp.sra.ebi.ac.uk/vol1/fastq/SRR313/004/SRR3131894/SRR3131894_2.fastq.gz
SRR3132075	ftp.sra.ebi.ac.uk/vol1/fastq/SRR313/005/SRR3132075/SRR3132075_1.fastq.gz	ftp.sra.ebi.ac.uk/vol1/fastq/SRR313/005/SRR3132075/SRR3132075_2.fastq.gz
SRR3132265	ftp.sra.ebi.ac.uk/vol1/fastq/SRR313/005/SRR3132265/SRR3132265_1.fastq.gz	ftp.sra.ebi.ac.uk/vol1/fastq/SRR313/005/SRR3132265/SRR3132265_2.fastq.gz
SRR3132443	ftp.sra.ebi.ac.uk/vol1/fastq/SRR313/003/SRR3132443/SRR3132443_1.fastq.gz	ftp.sra.ebi.ac.uk/vol1/fastq/SRR313/003/SRR3132443/SRR3132443_2.fastq.gz
SRR3132305	ftp.sra.ebi.ac.uk/vol1/fastq/SRR313/005/SRR3132305/SRR3132305_1.fastq.gz	ftp.sra.ebi.ac.uk/vol1/fastq/SRR313/005/SRR3132305/SRR3132305_2.fastq.gz
SRR3131734	ftp.sra.ebi.ac.uk/vol1/fastq/SRR313/004/SRR3131734/SRR3131734_1.fastq.gz	ftp.sra.ebi.ac.uk/vol1/fastq/SRR313/004/SRR3131734/SRR3131734_2.fastq.gz
SRR3131937	ftp.sra.ebi.ac.uk/vol1/fastq/SRR313/007/SRR3131937/SRR3131937_1.fastq.gz	ftp.sra.ebi.ac.uk/vol1/fastq/SRR313/007/SRR3131937/SRR3131937_2.fastq.gz
SRR3131710	ftp.sra.ebi.ac.uk/vol1/fastq/SRR313/000/SRR3131710/SRR3131710_1.fastq.gz	ftp.sra.ebi.ac.uk/vol1/fastq/SRR313/000/SRR3131710/SRR3131710_2.fastq.gz
SRR3131913	ftp.sra.ebi.ac.uk/vol1/fastq/SRR313/003/SRR3131913/SRR3131913_1.fastq.gz	ftp.sra.ebi.ac.uk/vol1/fastq/SRR313/003/SRR3131913/SRR3131913_2.fastq.gz
SRR3132135	ftp.sra.ebi.ac.uk/vol1/fastq/SRR313/005/SRR3132135/SRR3132135_1.fastq.gz	ftp.sra.ebi.ac.uk/vol1/fastq/SRR313/005/SRR3132135/SRR3132135_2.fastq.gz
SRR3131788	ftp.sra.ebi.ac.uk/vol1/fastq/SRR313/008/SRR3131788/SRR3131788_1.fastq.gz	ftp.sra.ebi.ac.uk/vol1/fastq/SRR313/008/SRR3131788/SRR3131788_2.fastq.gz
SRR3132015	ftp.sra.ebi.ac.uk/vol1/fastq/SRR313/005/SRR3132015/SRR3132015_1.fastq.gz	ftp.sra.ebi.ac.uk/vol1/fastq/SRR313/005/SRR3132015/SRR3132015_2.fastq.gz
SRR3132429	ftp.sra.ebi.ac.uk/vol1/fastq/SRR313/009/SRR3132429/SRR3132429_1.fastq.gz	ftp.sra.ebi.ac.uk/vol1/fastq/SRR313/009/SRR3132429/SRR3132429_2.fastq.gz
SRR3132211	ftp.sra.ebi.ac.uk/vol1/fastq/SRR313/001/SRR3132211/SRR3132211_1.fastq.gz	ftp.sra.ebi.ac.uk/vol1/fastq/SRR313/001/SRR3132211/SRR3132211_2.fastq.gz
SRR3132393	ftp.sra.ebi.ac.uk/vol1/fastq/SRR313/003/SRR3132393/SRR3132393_1.fastq.gz	ftp.sra.ebi.ac.uk/vol1/fastq/SRR313/003/SRR3132393/SRR3132393_2.fastq.gz
SRR3131846	ftp.sra.ebi.ac.uk/vol1/fastq/SRR313/006/SRR3131846/SRR3131846_1.fastq.gz	ftp.sra.ebi.ac.uk/vol1/fastq/SRR313/006/SRR3131846/SRR3131846_2.fastq.gz
SRR3132025	ftp.sra.ebi.ac.uk/vol1/fastq/SRR313/005/SRR3132025/SRR3132025_1.fastq.gz	ftp.sra.ebi.ac.uk/vol1/fastq/SRR313/005/SRR3132025/SRR3132025_2.fastq.gz
SRR3132293	ftp.sra.ebi.ac.uk/vol1/fastq/SRR313/003/SRR3132293/SRR3132293_1.fastq.gz	ftp.sra.ebi.ac.uk/vol1/fastq/SRR313/003/SRR3132293/SRR3132293_2.fastq.gz
SRR3131989	ftp.sra.ebi.ac.uk/vol1/fastq/SRR313/009/SRR3131989/SRR3131989_1.fastq.gz	ftp.sra.ebi.ac.uk/vol1/fastq/SRR313/009/SRR3131989/SRR3131989_2.fastq.gz
SRR3132153	ftp.sra.ebi.ac.uk/vol1/fastq/SRR313/003/SRR3132153/SRR3132153_1.fastq.gz	ftp.sra.ebi.ac.uk/vol1/fastq/SRR313/003/SRR3132153/SRR3132153_2.fastq.gz
SRR3132355	ftp.sra.ebi.ac.uk/vol1/fastq/SRR313/005/SRR3132355/SRR3132355_1.fastq.gz	ftp.sra.ebi.ac.uk/vol1/fastq/SRR313/005/SRR3132355/SRR3132355_2.fastq.gz
SRR3132191	ftp.sra.ebi.ac.uk/vol1/fastq/SRR313/001/SRR3132191/SRR3132191_1.fastq.gz	ftp.sra.ebi.ac.uk/vol1/fastq/SRR313/001/SRR3132191/SRR3132191_2.fastq.gz
SRR3132371	ftp.sra.ebi.ac.uk/vol1/fastq/SRR313/001/SRR3132371/SRR3132371_1.fastq.gz	ftp.sra.ebi.ac.uk/vol1/fastq/SRR313/001/SRR3132371/SRR3132371_2.fastq.gz
SRR3131770	ftp.sra.ebi.ac.uk/vol1/fastq/SRR313/000/SRR3131770/SRR3131770_1.fastq.gz	ftp.sra.ebi.ac.uk/vol1/fastq/SRR313/000/SRR3131770/SRR3131770_2.fastq.gz
SRR3131955	ftp.sra.ebi.ac.uk/vol1/fastq/SRR313/005/SRR3131955/SRR3131955_1.fastq.gz	ftp.sra.ebi.ac.uk/vol1/fastq/SRR313/005/SRR3131955/SRR3131955_2.fastq.gz
SRR3132115	ftp.sra.ebi.ac.uk/vol1/fastq/SRR313/005/SRR3132115/SRR3132115_1.fastq.gz	ftp.sra.ebi.ac.uk/vol1/fastq/SRR313/005/SRR3132115/SRR3132115_2.fastq.gz
SRR3132387	ftp.sra.ebi.ac.uk/vol1/fastq/SRR313/007/SRR3132387/SRR3132387_1.fastq.gz	ftp.sra.ebi.ac.uk/vol1/fastq/SRR313/007/SRR3132387/SRR3132387_2.fastq.gz
SRR3132345	ftp.sra.ebi.ac.uk/vol1/fastq/SRR313/005/SRR3132345/SRR3132345_1.fastq.gz	ftp.sra.ebi.ac.uk/vol1/fastq/SRR313/005/SRR3132345/SRR3132345_2.fastq.gz
SRR3132167	ftp.sra.ebi.ac.uk/vol1/fastq/SRR313/007/SRR3132167/SRR3132167_1.fastq.gz	ftp.sra.ebi.ac.uk/vol1/fastq/SRR313/007/SRR3132167/SRR3132167_2.fastq.gz
SRR3131977	ftp.sra.ebi.ac.uk/vol1/fastq/SRR313/007/SRR3131977/SRR3131977_1.fastq.gz	ftp.sra.ebi.ac.uk/vol1/fastq/SRR313/007/SRR3131977/SRR3131977_2.fastq.gz
SRR3131794	ftp.sra.ebi.ac.uk/vol1/fastq/SRR313/004/SRR3131794/SRR3131794_1.fastq.gz	ftp.sra.ebi.ac.uk/vol1/fastq/SRR313/004/SRR3131794/SRR3131794_2.fastq.gz
SRR3132319	ftp.sra.ebi.ac.uk/vol1/fastq/SRR313/009/SRR3132319/SRR3132319_1.fastq.gz	ftp.sra.ebi.ac.uk/vol1/fastq/SRR313/009/SRR3132319/SRR3132319_2.fastq.gz
SRR3131832	ftp.sra.ebi.ac.uk/vol1/fastq/SRR313/002/SRR3131832/SRR3131832_1.fastq.gz	ftp.sra.ebi.ac.uk/vol1/fastq/SRR313/002/SRR3131832/SRR3131832_2.fastq.gz
SRR3132201	ftp.sra.ebi.ac.uk/vol1/fastq/SRR313/001/SRR3132201/SRR3132201_1.fastq.gz	ftp.sra.ebi.ac.uk/vol1/fastq/SRR313/001/SRR3132201/SRR3132201_2.fastq.gz
SRR3132415	ftp.sra.ebi.ac.uk/vol1/fastq/SRR313/005/SRR3132415/SRR3132415_1.fastq.gz	ftp.sra.ebi.ac.uk/vol1/fastq/SRR313/005/SRR3132415/SRR3132415_2.fastq.gz
SRR3132233	ftp.sra.ebi.ac.uk/vol1/fastq/SRR313/003/SRR3132233/SRR3132233_1.fastq.gz	ftp.sra.ebi.ac.uk/vol1/fastq/SRR313/003/SRR3132233/SRR3132233_2.fastq.gz
SRR3132005	ftp.sra.ebi.ac.uk/vol1/fastq/SRR313/005/SRR3132005/SRR3132005_1.fastq.gz	ftp.sra.ebi.ac.uk/vol1/fastq/SRR313/005/SRR3132005/SRR3132005_2.fastq.gz
SRR3132451	ftp.sra.ebi.ac.uk/vol1/fastq/SRR313/001/SRR3132451/SRR3132451_1.fastq.gz	ftp.sra.ebi.ac.uk/vol1/fastq/SRR313/001/SRR3132451/SRR3132451_2.fastq.gz
SRR3131732	ftp.sra.ebi.ac.uk/vol1/fastq/SRR313/002/SRR3131732/SRR3131732_1.fastq.gz	ftp.sra.ebi.ac.uk/vol1/fastq/SRR313/002/SRR3131732/SRR3131732_2.fastq.gz
SRR3131718	ftp.sra.ebi.ac.uk/vol1/fastq/SRR313/008/SRR3131718/SRR3131718_1.fastq.gz	ftp.sra.ebi.ac.uk/vol1/fastq/SRR313/008/SRR3131718/SRR3131718_2.fastq.gz
SRR3131909	ftp.sra.ebi.ac.uk/vol1/fastq/SRR313/009/SRR3131909/SRR3131909_1.fastq.gz	ftp.sra.ebi.ac.uk/vol1/fastq/SRR313/009/SRR3131909/SRR3131909_2.fastq.gz
SRR3132139	ftp.sra.ebi.ac.uk/vol1/fastq/SRR313/009/SRR3132139/SRR3132139_1.fastq.gz	ftp.sra.ebi.ac.uk/vol1/fastq/SRR313/009/SRR3132139/SRR3132139_2.fastq.gz
SRR3132321	ftp.sra.ebi.ac.uk/vol1/fastq/SRR313/001/SRR3132321/SRR3132321_1.fastq.gz	ftp.sra.ebi.ac.uk/vol1/fastq/SRR313/001/SRR3132321/SRR3132321_2.fastq.gz
SRR3132289	ftp.sra.ebi.ac.uk/vol1/fastq/SRR313/009/SRR3132289/SRR3132289_1.fastq.gz	ftp.sra.ebi.ac.uk/vol1/fastq/SRR313/009/SRR3132289/SRR3132289_2.fastq.gz
SRR3132047	ftp.sra.ebi.ac.uk/vol1/fastq/SRR313/007/SRR3132047/SRR3132047_1.fastq.gz	ftp.sra.ebi.ac.uk/vol1/fastq/SRR313/007/SRR3132047/SRR3132047_2.fastq.gz
SRR3131866	ftp.sra.ebi.ac.uk/vol1/fastq/SRR313/006/SRR3131866/SRR3131866_1.fastq.gz	ftp.sra.ebi.ac.uk/vol1/fastq/SRR313/006/SRR3131866/SRR3131866_2.fastq.gz
SRR3132087	ftp.sra.ebi.ac.uk/vol1/fastq/SRR313/007/SRR3132087/SRR3132087_1.fastq.gz	ftp.sra.ebi.ac.uk/vol1/fastq/SRR313/007/SRR3132087/SRR3132087_2.fastq.gz
SRR3131878	ftp.sra.ebi.ac.uk/vol1/fastq/SRR313/008/SRR3131878/SRR3131878_1.fastq.gz	ftp.sra.ebi.ac.uk/vol1/fastq/SRR313/008/SRR3131878/SRR3131878_2.fastq.gz
SRR3132465	ftp.sra.ebi.ac.uk/vol1/fastq/SRR313/005/SRR3132465/SRR3132465_1.fastq.gz	ftp.sra.ebi.ac.uk/vol1/fastq/SRR313/005/SRR3132465/SRR3132465_2.fastq.gz
SRR3132247	ftp.sra.ebi.ac.uk/vol1/fastq/SRR313/007/SRR3132247/SRR3132247_1.fastq.gz	ftp.sra.ebi.ac.uk/vol1/fastq/SRR313/007/SRR3132247/SRR3132247_2.fastq.gz
SRR3132447	ftp.sra.ebi.ac.uk/vol1/fastq/SRR313/007/SRR3132447/SRR3132447_1.fastq.gz	ftp.sra.ebi.ac.uk/vol1/fastq/SRR313/007/SRR3132447/SRR3132447_2.fastq.gz
SRR3131892	ftp.sra.ebi.ac.uk/vol1/fastq/SRR313/002/SRR3131892/SRR3131892_1.fastq.gz	ftp.sra.ebi.ac.uk/vol1/fastq/SRR313/002/SRR3131892/SRR3131892_2.fastq.gz
SRR3132079	ftp.sra.ebi.ac.uk/vol1/fastq/SRR313/009/SRR3132079/SRR3132079_1.fastq.gz	ftp.sra.ebi.ac.uk/vol1/fastq/SRR313/009/SRR3132079/SRR3132079_2.fastq.gz
SRR3132061	ftp.sra.ebi.ac.uk/vol1/fastq/SRR313/001/SRR3132061/SRR3132061_1.fastq.gz	ftp.sra.ebi.ac.uk/vol1/fastq/SRR313/001/SRR3132061/SRR3132061_2.fastq.gz
SRR3132485	ftp.sra.ebi.ac.uk/vol1/fastq/SRR313/005/SRR3132485/SRR3132485_1.fastq.gz	ftp.sra.ebi.ac.uk/vol1/fastq/SRR313/005/SRR3132485/SRR3132485_2.fastq.gz
SRR3132323	ftp.sra.ebi.ac.uk/vol1/fastq/SRR313/003/SRR3132323/SRR3132323_1.fastq.gz	ftp.sra.ebi.ac.uk/vol1/fastq/SRR313/003/SRR3132323/SRR3132323_2.fastq.gz
SRR3131714	ftp.sra.ebi.ac.uk/vol1/fastq/SRR313/004/SRR3131714/SRR3131714_1.fastq.gz	ftp.sra.ebi.ac.uk/vol1/fastq/SRR313/004/SRR3131714/SRR3131714_2.fastq.gz
SRR3131907	ftp.sra.ebi.ac.uk/vol1/fastq/SRR313/007/SRR3131907/SRR3131907_1.fastq.gz	ftp.sra.ebi.ac.uk/vol1/fastq/SRR313/007/SRR3131907/SRR3131907_2.fastq.gz
SRR3131730	ftp.sra.ebi.ac.uk/vol1/fastq/SRR313/000/SRR3131730/SRR3131730_1.fastq.gz	ftp.sra.ebi.ac.uk/vol1/fastq/SRR313/000/SRR3131730/SRR3131730_2.fastq.gz
SRR3131945	ftp.sra.ebi.ac.uk/vol1/fastq/SRR313/005/SRR3131945/SRR3131945_1.fastq.gz	ftp.sra.ebi.ac.uk/vol1/fastq/SRR313/005/SRR3131945/SRR3131945_2.fastq.gz
SRR3132101	ftp.sra.ebi.ac.uk/vol1/fastq/SRR313/001/SRR3132101/SRR3132101_1.fastq.gz	ftp.sra.ebi.ac.uk/vol1/fastq/SRR313/001/SRR3132101/SRR3132101_2.fastq.gz
SRR3132307	ftp.sra.ebi.ac.uk/vol1/fastq/SRR313/007/SRR3132307/SRR3132307_1.fastq.gz	ftp.sra.ebi.ac.uk/vol1/fastq/SRR313/007/SRR3132307/SRR3132307_2.fastq.gz
SRR3131750	ftp.sra.ebi.ac.uk/vol1/fastq/SRR313/000/SRR3131750/SRR3131750_1.fastq.gz	ftp.sra.ebi.ac.uk/vol1/fastq/SRR313/000/SRR3131750/SRR3131750_2.fastq.gz
SRR3132031	ftp.sra.ebi.ac.uk/vol1/fastq/SRR313/001/SRR3132031/SRR3132031_1.fastq.gz	ftp.sra.ebi.ac.uk/vol1/fastq/SRR313/001/SRR3132031/SRR3132031_2.fastq.gz
SRR3132209	ftp.sra.ebi.ac.uk/vol1/fastq/SRR313/009/SRR3132209/SRR3132209_1.fastq.gz	ftp.sra.ebi.ac.uk/vol1/fastq/SRR313/009/SRR3132209/SRR3132209_2.fastq.gz
SRR3132399	ftp.sra.ebi.ac.uk/vol1/fastq/SRR313/009/SRR3132399/SRR3132399_1.fastq.gz	ftp.sra.ebi.ac.uk/vol1/fastq/SRR313/009/SRR3132399/SRR3132399_2.fastq.gz
SRR3132223	ftp.sra.ebi.ac.uk/vol1/fastq/SRR313/003/SRR3132223/SRR3132223_1.fastq.gz	ftp.sra.ebi.ac.uk/vol1/fastq/SRR313/003/SRR3132223/SRR3132223_2.fastq.gz
SRR3132425	ftp.sra.ebi.ac.uk/vol1/fastq/SRR313/005/SRR3132425/SRR3132425_1.fastq.gz	ftp.sra.ebi.ac.uk/vol1/fastq/SRR313/005/SRR3132425/SRR3132425_2.fastq.gz
SRR3131810	ftp.sra.ebi.ac.uk/vol1/fastq/SRR313/000/SRR3131810/SRR3131810_1.fastq.gz	ftp.sra.ebi.ac.uk/vol1/fastq/SRR313/000/SRR3131810/SRR3131810_2.fastq.gz
SRR3132255	ftp.sra.ebi.ac.uk/vol1/fastq/SRR313/005/SRR3132255/SRR3132255_1.fastq.gz	ftp.sra.ebi.ac.uk/vol1/fastq/SRR313/005/SRR3132255/SRR3132255_2.fastq.gz
SRR3131953	ftp.sra.ebi.ac.uk/vol1/fastq/SRR313/003/SRR3131953/SRR3131953_1.fastq.gz	ftp.sra.ebi.ac.uk/vol1/fastq/SRR313/003/SRR3131953/SRR3131953_2.fastq.gz
SRR3132193	ftp.sra.ebi.ac.uk/vol1/fastq/SRR313/003/SRR3132193/SRR3132193_1.fastq.gz	ftp.sra.ebi.ac.uk/vol1/fastq/SRR313/003/SRR3132193/SRR3132193_2.fastq.gz
SRR3132367	ftp.sra.ebi.ac.uk/vol1/fastq/SRR313/007/SRR3132367/SRR3132367_1.fastq.gz	ftp.sra.ebi.ac.uk/vol1/fastq/SRR313/007/SRR3132367/SRR3132367_2.fastq.gz
SRR3132151	ftp.sra.ebi.ac.uk/vol1/fastq/SRR313/001/SRR3132151/SRR3132151_1.fastq.gz	ftp.sra.ebi.ac.uk/vol1/fastq/SRR313/001/SRR3132151/SRR3132151_2.fastq.gz
SRR3132359	ftp.sra.ebi.ac.uk/vol1/fastq/SRR313/009/SRR3132359/SRR3132359_1.fastq.gz	ftp.sra.ebi.ac.uk/vol1/fastq/SRR313/009/SRR3132359/SRR3132359_2.fastq.gz
SRR3131778	ftp.sra.ebi.ac.uk/vol1/fastq/SRR313/008/SRR3131778/SRR3131778_1.fastq.gz	ftp.sra.ebi.ac.uk/vol1/fastq/SRR313/008/SRR3131778/SRR3131778_2.fastq.gz
SRR3131993	ftp.sra.ebi.ac.uk/vol1/fastq/SRR313/003/SRR3131993/SRR3131993_1.fastq.gz	ftp.sra.ebi.ac.uk/vol1/fastq/SRR313/003/SRR3131993/SRR3131993_2.fastq.gz
SRR3132125	ftp.sra.ebi.ac.uk/vol1/fastq/SRR313/005/SRR3132125/SRR3132125_1.fastq.gz	ftp.sra.ebi.ac.uk/vol1/fastq/SRR313/005/SRR3132125/SRR3132125_2.fastq.gz
SRR3131790	ftp.sra.ebi.ac.uk/vol1/fastq/SRR313/000/SRR3131790/SRR3131790_1.fastq.gz	ftp.sra.ebi.ac.uk/vol1/fastq/SRR313/000/SRR3131790/SRR3131790_2.fastq.gz
SRR3132347	ftp.sra.ebi.ac.uk/vol1/fastq/SRR313/007/SRR3132347/SRR3132347_1.fastq.gz	ftp.sra.ebi.ac.uk/vol1/fastq/SRR313/007/SRR3132347/SRR3132347_2.fastq.gz
SRR3132163	ftp.sra.ebi.ac.uk/vol1/fastq/SRR313/003/SRR3132163/SRR3132163_1.fastq.gz	ftp.sra.ebi.ac.uk/vol1/fastq/SRR313/003/SRR3132163/SRR3132163_2.fastq.gz
SRR3132385	ftp.sra.ebi.ac.uk/vol1/fastq/SRR313/005/SRR3132385/SRR3132385_1.fastq.gz	ftp.sra.ebi.ac.uk/vol1/fastq/SRR313/005/SRR3132385/SRR3132385_2.fastq.gz
SRR3132183	ftp.sra.ebi.ac.uk/vol1/fastq/SRR313/003/SRR3132183/SRR3132183_1.fastq.gz	ftp.sra.ebi.ac.uk/vol1/fastq/SRR313/003/SRR3132183/SRR3132183_2.fastq.gz
SRR3131959	ftp.sra.ebi.ac.uk/vol1/fastq/SRR313/009/SRR3131959/SRR3131959_1.fastq.gz	ftp.sra.ebi.ac.uk/vol1/fastq/SRR313/009/SRR3131959/SRR3131959_2.fastq.gz
SRR3131756	ftp.sra.ebi.ac.uk/vol1/fastq/SRR313/006/SRR3131756/SRR3131756_1.fastq.gz	ftp.sra.ebi.ac.uk/vol1/fastq/SRR313/006/SRR3131756/SRR3131756_2.fastq.gz
SRR3132301	ftp.sra.ebi.ac.uk/vol1/fastq/SRR313/001/SRR3132301/SRR3132301_1.fastq.gz	ftp.sra.ebi.ac.uk/vol1/fastq/SRR313/001/SRR3132301/SRR3132301_2.fastq.gz
SRR3131822	ftp.sra.ebi.ac.uk/vol1/fastq/SRR313/002/SRR3131822/SRR3131822_1.fastq.gz	ftp.sra.ebi.ac.uk/vol1/fastq/SRR313/002/SRR3131822/SRR3131822_2.fastq.gz
SRR3132413	ftp.sra.ebi.ac.uk/vol1/fastq/SRR313/003/SRR3132413/SRR3132413_1.fastq.gz	ftp.sra.ebi.ac.uk/vol1/fastq/SRR313/003/SRR3132413/SRR3132413_2.fastq.gz
SRR3132199	ftp.sra.ebi.ac.uk/vol1/fastq/SRR313/009/SRR3132199/SRR3132199_1.fastq.gz	ftp.sra.ebi.ac.uk/vol1/fastq/SRR313/009/SRR3132199/SRR3132199_2.fastq.gz
SRR3132041	ftp.sra.ebi.ac.uk/vol1/fastq/SRR313/001/SRR3132041/SRR3132041_1.fastq.gz	ftp.sra.ebi.ac.uk/vol1/fastq/SRR313/001/SRR3132041/SRR3132041_2.fastq.gz
SRR3131830	ftp.sra.ebi.ac.uk/vol1/fastq/SRR313/000/SRR3131830/SRR3131830_1.fastq.gz	ftp.sra.ebi.ac.uk/vol1/fastq/SRR313/000/SRR3131830/SRR3131830_2.fastq.gz
SRR3132489	ftp.sra.ebi.ac.uk/vol1/fastq/SRR313/009/SRR3132489/SRR3132489_1.fastq.gz	ftp.sra.ebi.ac.uk/vol1/fastq/SRR313/009/SRR3132489/SRR3132489_2.fastq.gz
SRR3131712	ftp.sra.ebi.ac.uk/vol1/fastq/SRR313/002/SRR3131712/SRR3131712_1.fastq.gz	ftp.sra.ebi.ac.uk/vol1/fastq/SRR313/002/SRR3131712/SRR3131712_2.fastq.gz
SRR3131915	ftp.sra.ebi.ac.uk/vol1/fastq/SRR313/005/SRR3131915/SRR3131915_1.fastq.gz	ftp.sra.ebi.ac.uk/vol1/fastq/SRR313/005/SRR3131915/SRR3131915_2.fastq.gz
SRR3131738	ftp.sra.ebi.ac.uk/vol1/fastq/SRR313/008/SRR3131738/SRR3131738_1.fastq.gz	ftp.sra.ebi.ac.uk/vol1/fastq/SRR313/008/SRR3131738/SRR3131738_2.fastq.gz
SRR3131939	ftp.sra.ebi.ac.uk/vol1/fastq/SRR313/009/SRR3131939/SRR3131939_1.fastq.gz	ftp.sra.ebi.ac.uk/vol1/fastq/SRR313/009/SRR3131939/SRR3131939_2.fastq.gz
SRR3132105	ftp.sra.ebi.ac.uk/vol1/fastq/SRR313/005/SRR3132105/SRR3132105_1.fastq.gz	ftp.sra.ebi.ac.uk/vol1/fastq/SRR313/005/SRR3132105/SRR3132105_2.fastq.gz
SRR3132299	ftp.sra.ebi.ac.uk/vol1/fastq/SRR313/009/SRR3132299/SRR3132299_1.fastq.gz	ftp.sra.ebi.ac.uk/vol1/fastq/SRR313/009/SRR3132299/SRR3132299_2.fastq.gz
SRR3131754	ftp.sra.ebi.ac.uk/vol1/fastq/SRR313/004/SRR3131754/SRR3131754_1.fastq.gz	ftp.sra.ebi.ac.uk/vol1/fastq/SRR313/004/SRR3131754/SRR3131754_2.fastq.gz
SRR3132229	ftp.sra.ebi.ac.uk/vol1/fastq/SRR313/009/SRR3132229/SRR3132229_1.fastq.gz	ftp.sra.ebi.ac.uk/vol1/fastq/SRR313/009/SRR3132229/SRR3132229_2.fastq.gz
SRR3132009	ftp.sra.ebi.ac.uk/vol1/fastq/SRR313/009/SRR3132009/SRR3132009_1.fastq.gz	ftp.sra.ebi.ac.uk/vol1/fastq/SRR313/009/SRR3132009/SRR3132009_2.fastq.gz
SRR3131804	ftp.sra.ebi.ac.uk/vol1/fastq/SRR313/004/SRR3131804/SRR3131804_1.fastq.gz	ftp.sra.ebi.ac.uk/vol1/fastq/SRR313/004/SRR3131804/SRR3131804_2.fastq.gz
SRR3132023	ftp.sra.ebi.ac.uk/vol1/fastq/SRR313/003/SRR3132023/SRR3132023_1.fastq.gz	ftp.sra.ebi.ac.uk/vol1/fastq/SRR313/003/SRR3132023/SRR3132023_2.fastq.gz
SRR3131836	ftp.sra.ebi.ac.uk/vol1/fastq/SRR313/006/SRR3131836/SRR3131836_1.fastq.gz	ftp.sra.ebi.ac.uk/vol1/fastq/SRR313/006/SRR3131836/SRR3131836_2.fastq.gz
SRR3132403	ftp.sra.ebi.ac.uk/vol1/fastq/SRR313/003/SRR3132403/SRR3132403_1.fastq.gz	ftp.sra.ebi.ac.uk/vol1/fastq/SRR313/003/SRR3132403/SRR3132403_2.fastq.gz
SRR3132215	ftp.sra.ebi.ac.uk/vol1/fastq/SRR313/005/SRR3132215/SRR3132215_1.fastq.gz	ftp.sra.ebi.ac.uk/vol1/fastq/SRR313/005/SRR3132215/SRR3132215_2.fastq.gz
SRR3132057	ftp.sra.ebi.ac.uk/vol1/fastq/SRR313/007/SRR3132057/SRR3132057_1.fastq.gz	ftp.sra.ebi.ac.uk/vol1/fastq/SRR313/007/SRR3132057/SRR3132057_2.fastq.gz
SRR3132409	ftp.sra.ebi.ac.uk/vol1/fastq/SRR313/009/SRR3132409/SRR3132409_1.fastq.gz	ftp.sra.ebi.ac.uk/vol1/fastq/SRR313/009/SRR3132409/SRR3132409_2.fastq.gz
SRR3131824	ftp.sra.ebi.ac.uk/vol1/fastq/SRR313/004/SRR3131824/SRR3131824_1.fastq.gz	ftp.sra.ebi.ac.uk/vol1/fastq/SRR313/004/SRR3131824/SRR3131824_2.fastq.gz
SRR3132039	ftp.sra.ebi.ac.uk/vol1/fastq/SRR313/009/SRR3132039/SRR3132039_1.fastq.gz	ftp.sra.ebi.ac.uk/vol1/fastq/SRR313/009/SRR3132039/SRR3132039_2.fastq.gz
SRR3131820	ftp.sra.ebi.ac.uk/vol1/fastq/SRR313/000/SRR3131820/SRR3131820_1.fastq.gz	ftp.sra.ebi.ac.uk/vol1/fastq/SRR313/000/SRR3131820/SRR3131820_2.fastq.gz
SRR3131999	ftp.sra.ebi.ac.uk/vol1/fastq/SRR313/009/SRR3131999/SRR3131999_1.fastq.gz	ftp.sra.ebi.ac.uk/vol1/fastq/SRR313/009/SRR3131999/SRR3131999_2.fastq.gz
SRR3132237	ftp.sra.ebi.ac.uk/vol1/fastq/SRR313/007/SRR3132237/SRR3132237_1.fastq.gz	ftp.sra.ebi.ac.uk/vol1/fastq/SRR313/007/SRR3132237/SRR3132237_2.fastq.gz
SRR3132417	ftp.sra.ebi.ac.uk/vol1/fastq/SRR313/007/SRR3132417/SRR3132417_1.fastq.gz	ftp.sra.ebi.ac.uk/vol1/fastq/SRR313/007/SRR3132417/SRR3132417_2.fastq.gz
SRR3131899	ftp.sra.ebi.ac.uk/vol1/fastq/SRR313/009/SRR3131899/SRR3131899_1.fastq.gz	ftp.sra.ebi.ac.uk/vol1/fastq/SRR313/009/SRR3131899/SRR3131899_2.fastq.gz
SRR3132381	ftp.sra.ebi.ac.uk/vol1/fastq/SRR313/001/SRR3132381/SRR3132381_1.fastq.gz	ftp.sra.ebi.ac.uk/vol1/fastq/SRR313/001/SRR3132381/SRR3132381_2.fastq.gz
SRR3131762	ftp.sra.ebi.ac.uk/vol1/fastq/SRR313/002/SRR3131762/SRR3131762_1.fastq.gz	ftp.sra.ebi.ac.uk/vol1/fastq/SRR313/002/SRR3131762/SRR3131762_2.fastq.gz
SRR3131963	ftp.sra.ebi.ac.uk/vol1/fastq/SRR313/003/SRR3131963/SRR3131963_1.fastq.gz	ftp.sra.ebi.ac.uk/vol1/fastq/SRR313/003/SRR3131963/SRR3131963_2.fastq.gz
SRR3131983	ftp.sra.ebi.ac.uk/vol1/fastq/SRR313/003/SRR3131983/SRR3131983_1.fastq.gz	ftp.sra.ebi.ac.uk/vol1/fastq/SRR313/003/SRR3131983/SRR3131983_2.fastq.gz
SRR3131700	ftp.sra.ebi.ac.uk/vol1/fastq/SRR313/000/SRR3131700/SRR3131700_1.fastq.gz	ftp.sra.ebi.ac.uk/vol1/fastq/SRR313/000/SRR3131700/SRR3131700_2.fastq.gz
SRR3132093	ftp.sra.ebi.ac.uk/vol1/fastq/SRR313/003/SRR3132093/SRR3132093_1.fastq.gz	ftp.sra.ebi.ac.uk/vol1/fastq/SRR313/003/SRR3132093/SRR3132093_2.fastq.gz
SRR3132243	ftp.sra.ebi.ac.uk/vol1/fastq/SRR313/003/SRR3132243/SRR3132243_1.fastq.gz	ftp.sra.ebi.ac.uk/vol1/fastq/SRR313/003/SRR3132243/SRR3132243_2.fastq.gz
SRR3132461	ftp.sra.ebi.ac.uk/vol1/fastq/SRR313/001/SRR3132461/SRR3132461_1.fastq.gz	ftp.sra.ebi.ac.uk/vol1/fastq/SRR313/001/SRR3132461/SRR3132461_2.fastq.gz
SRR3132283	ftp.sra.ebi.ac.uk/vol1/fastq/SRR313/003/SRR3132283/SRR3132283_1.fastq.gz	ftp.sra.ebi.ac.uk/vol1/fastq/SRR313/003/SRR3132283/SRR3132283_2.fastq.gz
SRR3132469	ftp.sra.ebi.ac.uk/vol1/fastq/SRR313/009/SRR3132469/SRR3132469_1.fastq.gz	ftp.sra.ebi.ac.uk/vol1/fastq/SRR313/009/SRR3132469/SRR3132469_2.fastq.gz
SRR3131872	ftp.sra.ebi.ac.uk/vol1/fastq/SRR313/002/SRR3131872/SRR3131872_1.fastq.gz	ftp.sra.ebi.ac.uk/vol1/fastq/SRR313/002/SRR3131872/SRR3131872_2.fastq.gz
SRR3131919	ftp.sra.ebi.ac.uk/vol1/fastq/SRR313/009/SRR3131919/SRR3131919_1.fastq.gz	ftp.sra.ebi.ac.uk/vol1/fastq/SRR313/009/SRR3131919/SRR3131919_2.fastq.gz
SRR3132131	ftp.sra.ebi.ac.uk/vol1/fastq/SRR313/001/SRR3132131/SRR3132131_1.fastq.gz	ftp.sra.ebi.ac.uk/vol1/fastq/SRR313/001/SRR3132131/SRR3132131_2.fastq.gz
SRR3132121	ftp.sra.ebi.ac.uk/vol1/fastq/SRR313/001/SRR3132121/SRR3132121_1.fastq.gz	ftp.sra.ebi.ac.uk/vol1/fastq/SRR313/001/SRR3132121/SRR3132121_2.fastq.gz
SRR3131929	ftp.sra.ebi.ac.uk/vol1/fastq/SRR313/009/SRR3131929/SRR3131929_1.fastq.gz	ftp.sra.ebi.ac.uk/vol1/fastq/SRR313/009/SRR3131929/SRR3131929_2.fastq.gz
SRR3131724	ftp.sra.ebi.ac.uk/vol1/fastq/SRR313/004/SRR3131724/SRR3131724_1.fastq.gz	ftp.sra.ebi.ac.uk/vol1/fastq/SRR313/004/SRR3131724/SRR3131724_2.fastq.gz
SRR3132315	ftp.sra.ebi.ac.uk/vol1/fastq/SRR313/005/SRR3132315/SRR3132315_1.fastq.gz	ftp.sra.ebi.ac.uk/vol1/fastq/SRR313/005/SRR3132315/SRR3132315_2.fastq.gz
SRR3132107	ftp.sra.ebi.ac.uk/vol1/fastq/SRR313/007/SRR3132107/SRR3132107_1.fastq.gz	ftp.sra.ebi.ac.uk/vol1/fastq/SRR313/007/SRR3132107/SRR3132107_2.fastq.gz
SRR3132327	ftp.sra.ebi.ac.uk/vol1/fastq/SRR313/007/SRR3132327/SRR3132327_1.fastq.gz	ftp.sra.ebi.ac.uk/vol1/fastq/SRR313/007/SRR3132327/SRR3132327_2.fastq.gz
SRR3132145	ftp.sra.ebi.ac.uk/vol1/fastq/SRR313/005/SRR3132145/SRR3132145_1.fastq.gz	ftp.sra.ebi.ac.uk/vol1/fastq/SRR313/005/SRR3132145/SRR3132145_2.fastq.gz
SRR3131903	ftp.sra.ebi.ac.uk/vol1/fastq/SRR313/003/SRR3131903/SRR3131903_1.fastq.gz	ftp.sra.ebi.ac.uk/vol1/fastq/SRR313/003/SRR3131903/SRR3131903_2.fastq.gz
SRR3131708	ftp.sra.ebi.ac.uk/vol1/fastq/SRR313/008/SRR3131708/SRR3131708_1.fastq.gz	ftp.sra.ebi.ac.uk/vol1/fastq/SRR313/008/SRR3131708/SRR3131708_2.fastq.gz
SRR3131856	ftp.sra.ebi.ac.uk/vol1/fastq/SRR313/006/SRR3131856/SRR3131856_1.fastq.gz	ftp.sra.ebi.ac.uk/vol1/fastq/SRR313/006/SRR3131856/SRR3131856_2.fastq.gz
SRR3132481	ftp.sra.ebi.ac.uk/vol1/fastq/SRR313/001/SRR3132481/SRR3132481_1.fastq.gz	ftp.sra.ebi.ac.uk/vol1/fastq/SRR313/001/SRR3132481/SRR3132481_2.fastq.gz
SRR3132273	ftp.sra.ebi.ac.uk/vol1/fastq/SRR313/003/SRR3132273/SRR3132273_1.fastq.gz	ftp.sra.ebi.ac.uk/vol1/fastq/SRR313/003/SRR3132273/SRR3132273_2.fastq.gz
SRR3132441	ftp.sra.ebi.ac.uk/vol1/fastq/SRR313/001/SRR3132441/SRR3132441_1.fastq.gz	ftp.sra.ebi.ac.uk/vol1/fastq/SRR313/001/SRR3132441/SRR3132441_2.fastq.gz
SRR3132257	ftp.sra.ebi.ac.uk/vol1/fastq/SRR313/007/SRR3132257/SRR3132257_1.fastq.gz	ftp.sra.ebi.ac.uk/vol1/fastq/SRR313/007/SRR3132257/SRR3132257_2.fastq.gz
SRR3132083	ftp.sra.ebi.ac.uk/vol1/fastq/SRR313/003/SRR3132083/SRR3132083_1.fastq.gz	ftp.sra.ebi.ac.uk/vol1/fastq/SRR313/003/SRR3132083/SRR3132083_2.fastq.gz
SRR3131896	ftp.sra.ebi.ac.uk/vol1/fastq/SRR313/006/SRR3131896/SRR3131896_1.fastq.gz	ftp.sra.ebi.ac.uk/vol1/fastq/SRR313/006/SRR3131896/SRR3131896_2.fastq.gz
SRR3132419	ftp.sra.ebi.ac.uk/vol1/fastq/SRR313/009/SRR3132419/SRR3132419_1.fastq.gz	ftp.sra.ebi.ac.uk/vol1/fastq/SRR313/009/SRR3132419/SRR3132419_2.fastq.gz
SRR3131973	ftp.sra.ebi.ac.uk/vol1/fastq/SRR313/003/SRR3131973/SRR3131973_1.fastq.gz	ftp.sra.ebi.ac.uk/vol1/fastq/SRR313/003/SRR3131973/SRR3131973_2.fastq.gz
SRR3131981	ftp.sra.ebi.ac.uk/vol1/fastq/SRR313/001/SRR3131981/SRR3131981_1.fastq.gz	ftp.sra.ebi.ac.uk/vol1/fastq/SRR313/001/SRR3131981/SRR3131981_2.fastq.gz
SRR3132159	ftp.sra.ebi.ac.uk/vol1/fastq/SRR313/009/SRR3132159/SRR3132159_1.fastq.gz	ftp.sra.ebi.ac.uk/vol1/fastq/SRR313/009/SRR3132159/SRR3132159_2.fastq.gz
SRR3132339	ftp.sra.ebi.ac.uk/vol1/fastq/SRR313/009/SRR3132339/SRR3132339_1.fastq.gz	ftp.sra.ebi.ac.uk/vol1/fastq/SRR313/009/SRR3132339/SRR3132339_2.fastq.gz
SRR3131706	ftp.sra.ebi.ac.uk/vol1/fastq/SRR313/006/SRR3131706/SRR3131706_1.fastq.gz	ftp.sra.ebi.ac.uk/vol1/fastq/SRR313/006/SRR3131706/SRR3131706_2.fastq.gz
SRR3132219	ftp.sra.ebi.ac.uk/vol1/fastq/SRR313/009/SRR3132219/SRR3132219_1.fastq.gz	ftp.sra.ebi.ac.uk/vol1/fastq/SRR313/009/SRR3132219/SRR3132219_2.fastq.gz
SRR3132019	ftp.sra.ebi.ac.uk/vol1/fastq/SRR313/009/SRR3132019/SRR3132019_1.fastq.gz	ftp.sra.ebi.ac.uk/vol1/fastq/SRR313/009/SRR3132019/SRR3132019_2.fastq.gz
SRR3131838	ftp.sra.ebi.ac.uk/vol1/fastq/SRR313/008/SRR3131838/SRR3131838_1.fastq.gz	ftp.sra.ebi.ac.uk/vol1/fastq/SRR313/008/SRR3131838/SRR3131838_2.fastq.gz
SRR3132011	ftp.sra.ebi.ac.uk/vol1/fastq/SRR313/001/SRR3132011/SRR3132011_1.fastq.gz	ftp.sra.ebi.ac.uk/vol1/fastq/SRR313/001/SRR3132011/SRR3132011_2.fastq.gz
SRR3131800	ftp.sra.ebi.ac.uk/vol1/fastq/SRR313/000/SRR3131800/SRR3131800_1.fastq.gz	ftp.sra.ebi.ac.uk/vol1/fastq/SRR313/000/SRR3131800/SRR3131800_2.fastq.gz
SRR3132227	ftp.sra.ebi.ac.uk/vol1/fastq/SRR313/007/SRR3132227/SRR3132227_1.fastq.gz	ftp.sra.ebi.ac.uk/vol1/fastq/SRR313/007/SRR3132227/SRR3132227_2.fastq.gz
SRR3132097	ftp.sra.ebi.ac.uk/vol1/fastq/SRR313/007/SRR3132097/SRR3132097_1.fastq.gz	ftp.sra.ebi.ac.uk/vol1/fastq/SRR313/007/SRR3132097/SRR3132097_2.fastq.gz
SRR3131816	ftp.sra.ebi.ac.uk/vol1/fastq/SRR313/006/SRR3131816/SRR3131816_1.fastq.gz	ftp.sra.ebi.ac.uk/vol1/fastq/SRR313/006/SRR3131816/SRR3131816_2.fastq.gz
SRR3132001	ftp.sra.ebi.ac.uk/vol1/fastq/SRR313/001/SRR3132001/SRR3132001_1.fastq.gz	ftp.sra.ebi.ac.uk/vol1/fastq/SRR313/001/SRR3132001/SRR3132001_2.fastq.gz
SRR3131826	ftp.sra.ebi.ac.uk/vol1/fastq/SRR313/006/SRR3131826/SRR3131826_1.fastq.gz	ftp.sra.ebi.ac.uk/vol1/fastq/SRR313/006/SRR3131826/SRR3131826_2.fastq.gz
SRR3132205	ftp.sra.ebi.ac.uk/vol1/fastq/SRR313/005/SRR3132205/SRR3132205_1.fastq.gz	ftp.sra.ebi.ac.uk/vol1/fastq/SRR313/005/SRR3132205/SRR3132205_2.fastq.gz
SRR3132407	ftp.sra.ebi.ac.uk/vol1/fastq/SRR313/007/SRR3132407/SRR3132407_1.fastq.gz	ftp.sra.ebi.ac.uk/vol1/fastq/SRR313/007/SRR3132407/SRR3132407_2.fastq.gz
SRR3132341	ftp.sra.ebi.ac.uk/vol1/fastq/SRR313/001/SRR3132341/SRR3132341_1.fastq.gz	ftp.sra.ebi.ac.uk/vol1/fastq/SRR313/001/SRR3132341/SRR3132341_2.fastq.gz
SRR3131796	ftp.sra.ebi.ac.uk/vol1/fastq/SRR313/006/SRR3131796/SRR3131796_1.fastq.gz	ftp.sra.ebi.ac.uk/vol1/fastq/SRR313/006/SRR3131796/SRR3131796_2.fastq.gz
SRR3131979	ftp.sra.ebi.ac.uk/vol1/fastq/SRR313/009/SRR3131979/SRR3131979_1.fastq.gz	ftp.sra.ebi.ac.uk/vol1/fastq/SRR313/009/SRR3131979/SRR3131979_2.fastq.gz
SRR3131758	ftp.sra.ebi.ac.uk/vol1/fastq/SRR313/008/SRR3131758/SRR3131758_1.fastq.gz	ftp.sra.ebi.ac.uk/vol1/fastq/SRR313/008/SRR3131758/SRR3131758_2.fastq.gz
SRR3131969	ftp.sra.ebi.ac.uk/vol1/fastq/SRR313/009/SRR3131969/SRR3131969_1.fastq.gz	ftp.sra.ebi.ac.uk/vol1/fastq/SRR313/009/SRR3131969/SRR3131969_2.fastq.gz
SRR3132175	ftp.sra.ebi.ac.uk/vol1/fastq/SRR313/005/SRR3132175/SRR3132175_1.fastq.gz	ftp.sra.ebi.ac.uk/vol1/fastq/SRR313/005/SRR3132175/SRR3132175_2.fastq.gz
SRR3132383	ftp.sra.ebi.ac.uk/vol1/fastq/SRR313/003/SRR3132383/SRR3132383_1.fastq.gz	ftp.sra.ebi.ac.uk/vol1/fastq/SRR313/003/SRR3132383/SRR3132383_2.fastq.gz
SRR3131720	ftp.sra.ebi.ac.uk/vol1/fastq/SRR313/000/SRR3131720/SRR3131720_1.fastq.gz	ftp.sra.ebi.ac.uk/vol1/fastq/SRR313/000/SRR3131720/SRR3131720_2.fastq.gz
SRR3132053	ftp.sra.ebi.ac.uk/vol1/fastq/SRR313/003/SRR3132053/SRR3132053_1.fastq.gz	ftp.sra.ebi.ac.uk/vol1/fastq/SRR313/003/SRR3132053/SRR3132053_2.fastq.gz
SRR3132281	ftp.sra.ebi.ac.uk/vol1/fastq/SRR313/001/SRR3132281/SRR3132281_1.fastq.gz	ftp.sra.ebi.ac.uk/vol1/fastq/SRR313/001/SRR3132281/SRR3132281_2.fastq.gz
SRR3132245	ftp.sra.ebi.ac.uk/vol1/fastq/SRR313/005/SRR3132245/SRR3132245_1.fastq.gz	ftp.sra.ebi.ac.uk/vol1/fastq/SRR313/005/SRR3132245/SRR3132245_2.fastq.gz
SRR3132455	ftp.sra.ebi.ac.uk/vol1/fastq/SRR313/005/SRR3132455/SRR3132455_1.fastq.gz	ftp.sra.ebi.ac.uk/vol1/fastq/SRR313/005/SRR3132455/SRR3132455_2.fastq.gz
SRR3132089	ftp.sra.ebi.ac.uk/vol1/fastq/SRR313/009/SRR3132089/SRR3132089_1.fastq.gz	ftp.sra.ebi.ac.uk/vol1/fastq/SRR313/009/SRR3132089/SRR3132089_2.fastq.gz
SRR3132231	ftp.sra.ebi.ac.uk/vol1/fastq/SRR313/001/SRR3132231/SRR3132231_1.fastq.gz	ftp.sra.ebi.ac.uk/vol1/fastq/SRR313/001/SRR3132231/SRR3132231_2.fastq.gz
SRR3131925	ftp.sra.ebi.ac.uk/vol1/fastq/SRR313/005/SRR3131925/SRR3131925_1.fastq.gz	ftp.sra.ebi.ac.uk/vol1/fastq/SRR313/005/SRR3131925/SRR3131925_2.fastq.gz
SRR3132149	ftp.sra.ebi.ac.uk/vol1/fastq/SRR313/009/SRR3132149/SRR3132149_1.fastq.gz	ftp.sra.ebi.ac.uk/vol1/fastq/SRR313/009/SRR3132149/SRR3132149_2.fastq.gz
SRR3131702	ftp.sra.ebi.ac.uk/vol1/fastq/SRR313/002/SRR3131702/SRR3131702_1.fastq.gz	ftp.sra.ebi.ac.uk/vol1/fastq/SRR313/002/SRR3131702/SRR3131702_2.fastq.gz
SRR3132329	ftp.sra.ebi.ac.uk/vol1/fastq/SRR313/009/SRR3132329/SRR3132329_1.fastq.gz	ftp.sra.ebi.ac.uk/vol1/fastq/SRR313/009/SRR3132329/SRR3132329_2.fastq.gz
SRR3132143	ftp.sra.ebi.ac.uk/vol1/fastq/SRR313/003/SRR3132143/SRR3132143_1.fastq.gz	ftp.sra.ebi.ac.uk/vol1/fastq/SRR313/003/SRR3132143/SRR3132143_2.fastq.gz
SRR3132313	ftp.sra.ebi.ac.uk/vol1/fastq/SRR313/003/SRR3132313/SRR3132313_1.fastq.gz	ftp.sra.ebi.ac.uk/vol1/fastq/SRR313/003/SRR3132313/SRR3132313_2.fastq.gz
SRR3132113	ftp.sra.ebi.ac.uk/vol1/fastq/SRR313/003/SRR3132113/SRR3132113_1.fastq.gz	ftp.sra.ebi.ac.uk/vol1/fastq/SRR313/003/SRR3132113/SRR3132113_2.fastq.gz
SRR3131726	ftp.sra.ebi.ac.uk/vol1/fastq/SRR313/006/SRR3131726/SRR3131726_1.fastq.gz	ftp.sra.ebi.ac.uk/vol1/fastq/SRR313/006/SRR3131726/SRR3131726_2.fastq.gz
SRR3132379	ftp.sra.ebi.ac.uk/vol1/fastq/SRR313/009/SRR3132379/SRR3132379_1.fastq.gz	ftp.sra.ebi.ac.uk/vol1/fastq/SRR313/009/SRR3132379/SRR3132379_2.fastq.gz
SRR3132439	ftp.sra.ebi.ac.uk/vol1/fastq/SRR313/009/SRR3132439/SRR3132439_1.fastq.gz	ftp.sra.ebi.ac.uk/vol1/fastq/SRR313/009/SRR3132439/SRR3132439_2.fastq.gz
SRR3132261	ftp.sra.ebi.ac.uk/vol1/fastq/SRR313/001/SRR3132261/SRR3132261_1.fastq.gz	ftp.sra.ebi.ac.uk/vol1/fastq/SRR313/001/SRR3132261/SRR3132261_2.fastq.gz
SRR3132483	ftp.sra.ebi.ac.uk/vol1/fastq/SRR313/003/SRR3132483/SRR3132483_1.fastq.gz	ftp.sra.ebi.ac.uk/vol1/fastq/SRR313/003/SRR3132483/SRR3132483_2.fastq.gz
SRR3131985	ftp.sra.ebi.ac.uk/vol1/fastq/SRR313/005/SRR3131985/SRR3131985_1.fastq.gz	ftp.sra.ebi.ac.uk/vol1/fastq/SRR313/005/SRR3131985/SRR3131985_2.fastq.gz
SRR3131764	ftp.sra.ebi.ac.uk/vol1/fastq/SRR313/004/SRR3131764/SRR3131764_1.fastq.gz	ftp.sra.ebi.ac.uk/vol1/fastq/SRR313/004/SRR3131764/SRR3131764_2.fastq.gz
SRR3131967	ftp.sra.ebi.ac.uk/vol1/fastq/SRR313/007/SRR3131967/SRR3131967_1.fastq.gz	ftp.sra.ebi.ac.uk/vol1/fastq/SRR313/007/SRR3131967/SRR3131967_2.fastq.gz
SRR3132177	ftp.sra.ebi.ac.uk/vol1/fastq/SRR313/007/SRR3132177/SRR3132177_1.fastq.gz	ftp.sra.ebi.ac.uk/vol1/fastq/SRR313/007/SRR3132177/SRR3132177_2.fastq.gz
SRR3131728	ftp.sra.ebi.ac.uk/vol1/fastq/SRR313/008/SRR3131728/SRR3131728_1.fastq.gz	ftp.sra.ebi.ac.uk/vol1/fastq/SRR313/008/SRR3131728/SRR3131728_2.fastq.gz
SRR3132401	ftp.sra.ebi.ac.uk/vol1/fastq/SRR313/001/SRR3132401/SRR3132401_1.fastq.gz	ftp.sra.ebi.ac.uk/vol1/fastq/SRR313/001/SRR3132401/SRR3132401_2.fastq.gz
SRR3131840	ftp.sra.ebi.ac.uk/vol1/fastq/SRR313/000/SRR3131840/SRR3131840_1.fastq.gz	ftp.sra.ebi.ac.uk/vol1/fastq/SRR313/000/SRR3131840/SRR3131840_2.fastq.gz
SRR3132021	ftp.sra.ebi.ac.uk/vol1/fastq/SRR313/001/SRR3132021/SRR3132021_1.fastq.gz	ftp.sra.ebi.ac.uk/vol1/fastq/SRR313/001/SRR3132021/SRR3132021_2.fastq.gz
SRR3132225	ftp.sra.ebi.ac.uk/vol1/fastq/SRR313/005/SRR3132225/SRR3132225_1.fastq.gz	ftp.sra.ebi.ac.uk/vol1/fastq/SRR313/005/SRR3132225/SRR3132225_2.fastq.gz
SRR3132435	ftp.sra.ebi.ac.uk/vol1/fastq/SRR313/005/SRR3132435/SRR3132435_1.fastq.gz	ftp.sra.ebi.ac.uk/vol1/fastq/SRR313/005/SRR3132435/SRR3132435_2.fastq.gz
SRR3132235	ftp.sra.ebi.ac.uk/vol1/fastq/SRR313/005/SRR3132235/SRR3132235_1.fastq.gz	ftp.sra.ebi.ac.uk/vol1/fastq/SRR313/005/SRR3132235/SRR3132235_2.fastq.gz
SRR3132003	ftp.sra.ebi.ac.uk/vol1/fastq/SRR313/003/SRR3132003/SRR3132003_1.fastq.gz	ftp.sra.ebi.ac.uk/vol1/fastq/SRR313/003/SRR3132003/SRR3132003_2.fastq.gz
SRR3131818	ftp.sra.ebi.ac.uk/vol1/fastq/SRR313/008/SRR3131818/SRR3131818_1.fastq.gz	ftp.sra.ebi.ac.uk/vol1/fastq/SRR313/008/SRR3131818/SRR3131818_2.fastq.gz
SRR3132037	ftp.sra.ebi.ac.uk/vol1/fastq/SRR313/007/SRR3132037/SRR3132037_1.fastq.gz	ftp.sra.ebi.ac.uk/vol1/fastq/SRR313/007/SRR3132037/SRR3132037_2.fastq.gz
SRR3131828	ftp.sra.ebi.ac.uk/vol1/fastq/SRR313/008/SRR3131828/SRR3131828_1.fastq.gz	ftp.sra.ebi.ac.uk/vol1/fastq/SRR313/008/SRR3131828/SRR3131828_2.fastq.gz
SRR3132069	ftp.sra.ebi.ac.uk/vol1/fastq/SRR313/009/SRR3132069/SRR3132069_1.fastq.gz	ftp.sra.ebi.ac.uk/vol1/fastq/SRR313/009/SRR3132069/SRR3132069_2.fastq.gz
SRR3132161	ftp.sra.ebi.ac.uk/vol1/fastq/SRR313/001/SRR3132161/SRR3132161_1.fastq.gz	ftp.sra.ebi.ac.uk/vol1/fastq/SRR313/001/SRR3132161/SRR3132161_2.fastq.gz
SRR3131798	ftp.sra.ebi.ac.uk/vol1/fastq/SRR313/008/SRR3131798/SRR3131798_1.fastq.gz	ftp.sra.ebi.ac.uk/vol1/fastq/SRR313/008/SRR3131798/SRR3131798_2.fastq.gz
SRR3131760	ftp.sra.ebi.ac.uk/vol1/fastq/SRR313/000/SRR3131760/SRR3131760_1.fastq.gz	ftp.sra.ebi.ac.uk/vol1/fastq/SRR313/000/SRR3131760/SRR3131760_2.fastq.gz
SRR3132173	ftp.sra.ebi.ac.uk/vol1/fastq/SRR313/003/SRR3132173/SRR3132173_1.fastq.gz	ftp.sra.ebi.ac.uk/vol1/fastq/SRR313/003/SRR3132173/SRR3132173_2.fastq.gz
SRR3131870	ftp.sra.ebi.ac.uk/vol1/fastq/SRR313/000/SRR3131870/SRR3131870_1.fastq.gz	ftp.sra.ebi.ac.uk/vol1/fastq/SRR313/000/SRR3131870/SRR3131870_2.fastq.gz
SRR3132471	ftp.sra.ebi.ac.uk/vol1/fastq/SRR313/001/SRR3132471/SRR3132471_1.fastq.gz	ftp.sra.ebi.ac.uk/vol1/fastq/SRR313/001/SRR3132471/SRR3132471_2.fastq.gz
SRR3132279	ftp.sra.ebi.ac.uk/vol1/fastq/SRR313/009/SRR3132279/SRR3132279_1.fastq.gz	ftp.sra.ebi.ac.uk/vol1/fastq/SRR313/009/SRR3132279/SRR3132279_2.fastq.gz
SRR3132453	ftp.sra.ebi.ac.uk/vol1/fastq/SRR313/003/SRR3132453/SRR3132453_1.fastq.gz	ftp.sra.ebi.ac.uk/vol1/fastq/SRR313/003/SRR3132453/SRR3132453_2.fastq.gz
SRR3131890	ftp.sra.ebi.ac.uk/vol1/fastq/SRR313/000/SRR3131890/SRR3131890_1.fastq.gz	ftp.sra.ebi.ac.uk/vol1/fastq/SRR313/000/SRR3131890/SRR3131890_2.fastq.gz
SRR3132433	ftp.sra.ebi.ac.uk/vol1/fastq/SRR313/003/SRR3132433/SRR3132433_1.fastq.gz	ftp.sra.ebi.ac.uk/vol1/fastq/SRR313/003/SRR3132433/SRR3132433_2.fastq.gz
SRR3132123	ftp.sra.ebi.ac.uk/vol1/fastq/SRR313/003/SRR3132123/SRR3132123_1.fastq.gz	ftp.sra.ebi.ac.uk/vol1/fastq/SRR313/003/SRR3132123/SRR3132123_2.fastq.gz
SRR3132337	ftp.sra.ebi.ac.uk/vol1/fastq/SRR313/007/SRR3132337/SRR3132337_1.fastq.gz	ftp.sra.ebi.ac.uk/vol1/fastq/SRR313/007/SRR3132337/SRR3132337_2.fastq.gz
SRR3131921	ftp.sra.ebi.ac.uk/vol1/fastq/SRR313/001/SRR3131921/SRR3131921_1.fastq.gz	ftp.sra.ebi.ac.uk/vol1/fastq/SRR313/001/SRR3131921/SRR3131921_2.fastq.gz
SRR3132351	ftp.sra.ebi.ac.uk/vol1/fastq/SRR313/001/SRR3132351/SRR3132351_1.fastq.gz	ftp.sra.ebi.ac.uk/vol1/fastq/SRR313/001/SRR3132351/SRR3132351_2.fastq.gz
SRR3131905	ftp.sra.ebi.ac.uk/vol1/fastq/SRR313/005/SRR3131905/SRR3131905_1.fastq.gz	ftp.sra.ebi.ac.uk/vol1/fastq/SRR313/005/SRR3131905/SRR3131905_2.fastq.gz
SRR3132141	ftp.sra.ebi.ac.uk/vol1/fastq/SRR313/001/SRR3132141/SRR3132141_1.fastq.gz	ftp.sra.ebi.ac.uk/vol1/fastq/SRR313/001/SRR3132141/SRR3132141_2.fastq.gz
SRR3132311	ftp.sra.ebi.ac.uk/vol1/fastq/SRR313/001/SRR3132311/SRR3132311_1.fastq.gz	ftp.sra.ebi.ac.uk/vol1/fastq/SRR313/001/SRR3132311/SRR3132311_2.fastq.gz
SRR3131933	ftp.sra.ebi.ac.uk/vol1/fastq/SRR313/003/SRR3131933/SRR3131933_1.fastq.gz	ftp.sra.ebi.ac.uk/vol1/fastq/SRR313/003/SRR3131933/SRR3131933_2.fastq.gz
SRR3132081	ftp.sra.ebi.ac.uk/vol1/fastq/SRR313/001/SRR3132081/SRR3132081_1.fastq.gz	ftp.sra.ebi.ac.uk/vol1/fastq/SRR313/001/SRR3132081/SRR3132081_2.fastq.gz
SRR3132259	ftp.sra.ebi.ac.uk/vol1/fastq/SRR313/009/SRR3132259/SRR3132259_1.fastq.gz	ftp.sra.ebi.ac.uk/vol1/fastq/SRR313/009/SRR3132259/SRR3132259_2.fastq.gz
SRR3132437	ftp.sra.ebi.ac.uk/vol1/fastq/SRR313/007/SRR3132437/SRR3132437_1.fastq.gz	ftp.sra.ebi.ac.uk/vol1/fastq/SRR313/007/SRR3132437/SRR3132437_2.fastq.gz
SRR3132269	ftp.sra.ebi.ac.uk/vol1/fastq/SRR313/009/SRR3132269/SRR3132269_1.fastq.gz	ftp.sra.ebi.ac.uk/vol1/fastq/SRR313/009/SRR3132269/SRR3132269_2.fastq.gz
SRR3131854	ftp.sra.ebi.ac.uk/vol1/fastq/SRR313/004/SRR3131854/SRR3131854_1.fastq.gz	ftp.sra.ebi.ac.uk/vol1/fastq/SRR313/004/SRR3131854/SRR3131854_2.fastq.gz
SRR3132071	ftp.sra.ebi.ac.uk/vol1/fastq/SRR313/001/SRR3132071/SRR3132071_1.fastq.gz	ftp.sra.ebi.ac.uk/vol1/fastq/SRR313/001/SRR3132071/SRR3132071_2.fastq.gz
